,序号,领导,标题,类型,领域,状态,创建日期,详细内容
0,17789497,朝阳区委书记文献,常营地区路侧停车规范化管理,建言,交通,已办理,2023-04-14 13:00:54,您好，我是生活在常营地区的居民。最近一段时间，常营地区的路侧停车极为混乱，公共停车位被部分车辆长期占用，极大地影响了周围居民的停车便利。主要有两个最为集中的问题：一是摩托车三轮车等占用公共车位，一些车主开走自己的私家车后便把三轮车或摩托车停放在公共车位上，占用公共资源；二是僵尸车占用公共车位，有些车停放时间长达数月，不乏一些违规停放在北京市内的外埠号牌车辆。以上问题广泛出现在常营地区的各个街道，如三间房东路、幺家店路等。
1,17779484,朝阳区委书记文献,建议敦促小红门乡政府为百姓办实事,建言,城建,已办理,2023-04-13 00:38:41,"1.小红门鸿博家园是安置房，目前有六个区，一区（C区）是大概2009年入住的。据开发公司说大的产权早办好了，随时可以给老百姓办理不动产证。希望领导能够给予关注和敦促。
2.鸿博家园及江南山水等这一片没有一个像样的超市，年轻人可以开车去大兴的旧宫和亦庄购物，上了年纪的老年人吃点肉买个面包都没办法，去年有一个“蛮大生鲜”，被轰走了，最近唯一一个众信小超市也关门了！希望领导能够尽快解决老百姓生活中的实际问题。
希望书记能够看到这个留言，谢谢！"
2,17762237,朝阳区委书记文献,建议太阳宫社区增加便民底商或便民菜市,建言,城建,已办理,2023-04-10 17:39:19,"太阳宫社区以社区办公室为例，附近底商均为宠物商店，诊所，药店等。仅有一个盒马奥莱可以买新鲜蔬菜，但是质量起伏较大。
最近的菜市得走到三环边上的国美早市，或到三环内的佳果多超市，不太便利。
便民的小吃店早餐店也较少，生活不是特别便利.
附近居民楼众多，是否可以协商一些便民的菜车进社区，改善周边的生活条件。"
3,17761568,朝阳区委书记文献,大郊亭回迁房石门新居什么时候可以下房本,建言,城建,已办理,2023-04-10 16:08:11,"尊敬的领导您好，请问石门新居三期 回迁房什么时候可以下房本？迟迟没有动静。
是等到石门新居四期开工建完之后才下吗？四期什么时候开工呢。
"
4,17761205,朝阳区委书记文献,奥森公园不让带帐篷,建言,旅游,已办理,2023-04-10 15:25:00,领导你好，奥森公园当前不让带帐篷进入，前几年是允许带帐篷的，南园还有专门的场地可以搭帐篷，因疫情爆发后不让带帐篷，现在疫情已经过去，为什么还不让带帐篷？搭设简易帐篷并不会破坏草皮树木，可以给市民更好的游玩体验，尤其是带孩子游玩的人。建议奥森公园开放部分区域允许游客搭帐篷，感谢！
5,17744616,朝阳区委书记文献,金隅泰和园南门路段修建问题,建言,交通,已办理,2023-04-07 14:10:06,"朝阳区金隅泰和园门口路段修建问题：
1. 据了解金隅泰和园门口路段打通早有规划，既然属于市政规划修路为什么迟迟不修呢？10年来毫无进展，而且已经开了小路后又进行封堵
2. 每次说修路都说要对阿曼寓所8号楼居民做民意调查，请问阿曼寓所对修路用地有所有权吗？为什么要征得他们的同意？我们买泰和园小区时候也是说门口要修路的，我们也是承担了因此带来的房价溢价。
3. 泰和园小区居住2000多户居民，日常乘坐地铁要绕很远很远的弯路，明明可以走一个近路，但是就不给开通，金隅泰和园居民的声声诉求没有人听见吗？
4. 最新消息说可以3月末施工修路，到现在又说4月中旬，到底有没有明确计划，希望一个官方通知。"
6,17655759,朝阳区委书记文献,望京方恒购物中心建议打造一个地标性商业,建言,文娱,已办理,2023-03-24 08:39:28,望京方恒购物中心是老牌商业，今年打算更新，目前还不知道动向。鉴于望京没有什么有代表性的综合体，建议方恒购物中心可以打造成这样的一种商业综合体，引进好的、一线服装餐饮品牌（如优衣库、lululemon等以及其他可以参考skp等），和望京小街、万科、阜园连成一片，为14号线商业带增加亮点！也方便望京居民。
7,17644859,朝阳区委书记文献,马家湾湿地公园增加座椅和公共厕所,建言,城建,已办理,2023-03-22 16:25:53,"马家湾湿地公园位于朝阳区东南部的豆各庄乡，占地面积71万平方米。历史上，马家湾是萧太后河重要的水岸码头，如今，这里是萧太后河蓄滞洪区，是连接城市副中心与中心城区的生态绿带，更是备受市民欢迎的休闲地。周末附近居民在此晨练游玩遛娃，很大的湿地公园美中不足的就是供游人休息的座椅特别少，只有两头的亭子里有坐的地方，在游玩过程中，老人累了也无处休息。另外，整个公园只有南北两处出口附近有公厕，这也是不方便的地方。希望：
1、能给湿地公园修建一些供游人休息的座椅。
2、公园内能多建几处公共卫生间。"
8,17624541,朝阳区委书记文献,朝阳区酒仙桥南路经常有行人跨越栏杆横穿马路,建言,城建,已办理,2023-03-20 09:59:58,"领导您好：
      在早晚高峰经过酒仙桥南路与东风北桥交叉口时，在酒仙桥南路靠近东风北桥路段，发现经常有行人横穿马路跨越栏杆，旁边十几米就是斑马线，但是因为栏杆太矮只有半米左右，所以出现了斑马线没人走，行人成群结队跨越栏杆过马路的现象，来往车辆很多 特别危险。建议：换装正常高度一米左右的栏杆，防止行人横穿马路跨越栏杆造成不必要的交通事故风险，而且行人横穿很影响通行效率该路段经常拥堵。
   "
9,17607476,朝阳区委书记文献,非首都功能疏散区域重新营业,建言,城建,已办理,2023-03-16 22:44:03,位于北京市朝阳区龙爪树少角村水站（原少角村99号大院）本在2017年7月此地块己疏散完毕，现又重新复苏，情况如下：此地块现有城环城打木架人员40多家.内部堆积大量木材，充电房两间，还有长期住户做饭生活！夜间时常有杂音传出，大量简易房处置不当，简易房内堆积大量物品木材，这存在潜在危险需要警惕，区里领导视察多次，指导工作让给简易房叉走，内部居住人员撤离，但是效果不佳，风声一过又如往常一样，望能督导实现非首都功能疏散工作。
10,17595499,朝阳区委书记文献,关于拆除建国里二巷等小路道路隔离栏的建议,建言,交通,已办理,2023-03-15 09:59:03,"建国里二巷路窄车多，目前加装了自行车道与机动车道的隔离栏干，自行车道余留宽度一米余，机动车道勉强够两车错行，早晚通勤高峰时自行车、快递三轮、机动车等随意停放，行人占用自行车道，慢行自行车占道行驶等，致自行车无法正常行驶，无奈驶入机动车道，风险极大。我本人每天在这条路骑行通勤，多次遇到险情。
因此建议拆除建国里二巷交通隔离栏，同时对同样交通条件的小路进行排查和治理，早晚高峰加强该路巡查执法力度，确保道路畅通，行人、车辆安全。"
11,17559519,朝阳区委书记文献,居住安全问题,建言,治安,已办理,2023-03-10 15:23:31,"近年来，随着朝阳站的建设，我的周边环境发生了翻天地覆的变化。
其一、街道变宽了。原小区西侧宽阔高大的成年灌木——梧桐树移走，新栽种的树木高度、直径皆不足原有五分之一，绿化、防噪等效力大大削减且数量也有减少。
其二、朝阳站持续施工直至近一年期左右的周边美化工程，噪音、尘土不绝。
      但这些都是可以理解的，更主要的是——因整体环境品质的提升所带来的交通便利和居住红利，导致社区的流动人口大幅增加。甚至单元楼栋明明有持续多日装修发出的电动机械声音，而物业却没有任何装修报备信息。
      没有装修报备的施工安全及后续生产生活的隐患以及邻里风险有几何？这些自然不言而喻。但是明明是出租房屋，物业和相关治安管理部门仍没有报备及居住人员流动报备登记管理，或只有部分人员登记。我国多项条款均对此有明确的规定，但是执法和监管方面真的希望领导和相关部门可以开展一次清查。#人民建议#"
12,17524093,朝阳区委书记文献,京密路路上标线不清,建言,城建,已办理,2023-03-07 10:16:14,京密路路上标线不清，有的路段根本看不清路上的线，甚至于看不见路上的箭头，请尽快改善一下路上行车的问题！
13,17508448,朝阳区委书记文献,建议完善芍药居北里小区内篮球场地相关设施,建言,城建,已办理,2023-03-05 22:34:40,书记您好！由于芍药居北里小区人口密度大，活动空间有限，小区内公共区域内篮球场就北侧一个，但场地内条件很差，篮球场内地面是还是土地面，不平整，篮框篮板也比较破旧不标准，建议完善小区内篮球场的地面和篮球架相关设施，给居民营造一个良好的活动空间，谢谢！#人民建议#
14,17481428,朝阳区委书记文献,建议调整松榆北路松榆里市场东侧停车场出口道路,建言,交通,已办理,2023-03-03 11:30:42,松榆北路上靠近松榆里市场东侧为磨房南里小区停车场，目前停车场出口只能右转行驶一千多米至松榆北路与武圣东路交叉路口处掉头向东行驶才能上西大望路，武圣东路与松榆北路交叉路口左转(含掉头)等待时间特别长，路口行人密集，掉头会增加路口交通压力，且影响行人安全，建议在松榆里市场东侧停车场出口处增加左转(中间划线）出口，既可以方便居民出行，减小松榆北路与武圣东路交叉路口交通压力，又可以降低汽车尾气排放。
15,17395150,朝阳区委书记文献,小红门新建小学,建言,教育,已办理,2023-02-22 17:02:57,"1、小红门人口密集，教育资源匮乏，规划中的一直未见实施，希望加快实施，引进新学校。
2、朝阳实验南校、牌坊小学、睿德分校周边环境太差，希望改善其周边环境，给孩子们创造好的学习环境。
3、朝阳实验南校、牌坊小学距离、睿德分校距离小红门鸿博家园附近太远，没有直达公交，希望开通定制公交，方便孩子上下学。"
16,17394724,朝阳区委书记文献,建议康惠园9年一贯制学校与双桥低部合并,建言,教育,已办理,2023-02-22 16:15:14,领导好，我是东柳西里双桥铁路社区的居民。近期听闻朝阳区康惠园9年一贯制学校即将招生开学。因我片区教育资源稀缺，该校建设对我们是好消息。但目前片区里有朝阳第二实验小学双桥低部和高部。低部位于铁路线以北，高部在南。高部对于我们而言，接送孩子极不方便且危险。建议9年一贯制因校与铁路线北边的低部在23年秋季学期进行合并，让教育资源更科学的，更有效的进行分配调整。也更符合现行就近上学的教育政策。望采纳。
17,17362292,朝阳区委书记文献,解决朝阳区辛店北路周边行路难问题,建言,交通,已办理,2023-02-18 19:29:09,"建义
      1.打通北湖渠西路，修通辛店北路，解决断头路。
      2.增加公共交通线路，解决辛店北路周边群'众出行难问题。辛店北路周边群众距离最近公交车站在2.5公里以上，路不通，出行难。#人民建议#"
18,17353543,朝阳区委书记文献,北联小区改造,建言,城建,已办理,2023-02-17 16:04:20,听闻北联小区要进行老旧小区改造，可是看过相关资料后发现小区1#，2#楼不在改造之内，想向领导建议下能不能一起改造，8栋楼剩下两栋烂楼小区整体也不太好看。大家都在期盼有一个美丽的家园
19,17250377,朝阳区委书记文献,关于优化瑞祥里社区新能源汽车充电设施的建议,建言,城建,已办理,2023-02-05 10:54:38,"近两三年来，管庄乡瑞祥里社区及周边新能源汽车保有量明显增长，相关新能源充电设施亦略有加添，但其在总体数量、地域分布及日常管理维护方面尚存若干不足，特提出相关建议如下：

第一，适当增加公共充电桩数量，并加强管理维护。该社区内道路瑞祥北街上东西侧均设有公共充电桩，但各公共充电桩所在车位常年处于被占用状态，空闲无车情景相对少见。极个别的新能源车辆将充电桩车位作为常占车位，非充电状态亦久未驶离；亦偶见燃油车强占充电桩车位的情景。据悉，该社区曾在瑞祥路上临近27号楼处设置公共充电桩，极大方便了相关车主，但短期存留后即遭拆除。
第二，适当增加私桩配给。除了公共充电桩，该社区在特定地点集中设有少量专车专用的私桩，可见地锁、充电柜锁等明显私用而非共享的标志物。但限于某些原因，仅有少数车主安装私桩的需求能够得到满足。建议相关主管部门创造条件，扩大安装私桩的准入条件，使更多新能源车主合理的需求得到满足。

"
20,17237032,朝阳区委书记文献,石门中路存在极大安全隐患,建言,交通,已办理,2023-02-02 17:55:04,"石门中路通行条件差，道路狭窄，人车混行，存在极大安全隐患。
该路中间段西侧至今仍有围挡（小区已经建成，但围挡未拆除），道路狭窄，人车混行，且车流量、人流量不低，一方面通行效率低，另一方面更重要是存在极大安全隐患，行人、自行车、公交车、小型汽车、电动车混行；尤其道路两端均有小学，接送学生高峰期安全隐患更大，期盼政府尽早解决。"
21,17237000,朝阳区委书记文献,期盼增加百子湾石门中路附近公园绿地,建言,城建,已办理,2023-02-02 17:49:45,百子湾路到广渠路之间聚集大量居住区，有百子湾路小区、百子湾西里、石门新居、金海国际、金泰先锋小区，但该区域缺乏公园，石门中路附近仅有极狭小的“百子湾西社区文化广场”，周边居民严重缺乏遛弯活动场所，百子湾路北边的“惠水湾森林公园”本身就不大，再加上隔着铁路线，对铁路线南侧居民极其不方便。期盼政府针对该区域增加公园绿地，提升该区域居民生活品质，营造休闲宜居的生活环境。
22,17233823,朝阳区委书记文献,推进三里屯街道个人电车充电桩需求,建言,城建,已办理,2023-02-02 09:59:02,本人是三里屯街道居民，个人申请推进三里屯街道个人电车充电桩需求。
23,17072316,朝阳区委书记文献,道路违章停车问题严重，还请妥善解决,建言,交通,已办理,2023-01-03 12:48:15,"工体北里门口，春秀路南北方向路边长时间停着一排车，阻塞交通，造成安全隐患。
除了加强监管之外，另一方面附近停车难的问题希望能够得到妥善解决。可以充分发挥利用附近的商业化停车场，例如永利国际有大量的停车位价位过高宁愿空置。希望可以向社会商业化方面寻求合作共赢，妥善解决附近停车难乱停车的问题。"
24,17056593,朝阳区委书记文献,垡头街道祈东家园封路,建言,城建,已办理,2022-12-31 10:19:11,一期二期中间的蓝色铁皮能不能拆了，每次去地铁站绕很远
25,17036501,朝阳区委书记文献,朝来家园赢秋苑小区停车管理问题,建言,城建,已办理,2022-12-28 14:29:57,本小区无固定停车位，车位为全体业主所有，属于公共资源。大家一直遵循先到先停的原则。但是现在很多汽车车位出现被电动自行车、摩托车、老年代步车等乱停乱放，以及新能源车主长期摆放锥桶 ，以充电为由，侵占公用停车位的现象。给本就紧张的停车资源造成更大的压力。希望物业和社区居委会能够加强对小区停车的管理。建议能划分出摩托车停放区，以及能规划新能源汽车公用充电区。
26,16657575,朝阳区委书记文献,关于垡头西里筒子楼拆迁改造问题,建言,城建,已办理,2022-11-18 19:41:25,尊敬的领导您好，我家住垡头西里9号楼。此楼是50年代初建。现在年久失修地基下沉，脏乱差，请问各位领导市政府有没有拆迁改造的计划。谢谢领导。
27,16633990,朝阳区委书记文献,935路快车甩站,建言,交通,已办理,2022-11-16 22:52:18,为确保市民通行安全，自2022年11月5日0时起，首都机场辅路苇沟大桥将采取限载10吨、限高2.6米限制通行措施。途经首都机场辅路苇沟大桥路段的935路快车采取绕行措施，东直门外方向甩苇沟环岛车站，但该站除快速直达专线之外仅有这一条进城线路，甩站造成附近居民出行严重不便，建议935路快车取消甩该站的措施，在苇沟下高速经停苇沟环岛车站后在再上高速，能方便沿线居民出行。
28,16629714,朝阳区委书记文献,虚假宣传,建言,企业,已办理,2022-11-16 16:57:30,北京朝阳区东三环中路9号的北京普*顿教育科技有限公司以高额的兼职费用虚假推广消防设施操作员证书，我上当受骗19000元，全款报名后该机构没协助我报名参加考试，距今已1年多，申请退费后签订协议45日内退款，实际情况超过45个工作日未能退费，之后已公司账户被农历没由未进行退费，已严重违背协议退费时间得约定
29,16620557,朝阳区委书记文献,希望华威西里47号楼前增加电动自行车充电桩,建言,城建,已办理,2022-11-15 22:32:37,华威西里47号楼所在社区电动自行车充电桩只有一个位置，而电动车太多，大部分只能把电池拎到家中充电，危险系数太大，所以希望增加点位
30,16613839,朝阳区委书记文献,台湖3初中问题,建言,教育,已办理,2022-11-15 14:14:01,尊敬的领导：您好，按照《北京市人民政府&lt;关于由北京经济技术开发区管理委员会行使部分行政权力和办理部分公共服务事项&gt;的决定》(京政发〔2019〕23号)，台湖翡翠四季片区，银河湾片区，泰禾一号街区已经划归为经开区，目前这片区域内教育资源极其薄弱，无初中，只有一所银河湾小学，目前银河湾小学已经不堪重负。经开区作为国际一流高端产业综合新城，高质量快速发展，这片小区业主大部分都是在经开区上班，选择在这里置业，鉴于教育问题是民生头等大事，目前银河湾小学已经5年级，业主们期盼划入附近的建华实验学校。解决好子女的教育问题，实现产业，居住，教育均衡，这片居住区域的居民安心的为经开区的发展做更大的贡献。
31,16596213,朝阳区委书记文献,地铁,建言,交通,已办理,2022-11-14 10:15:55,北京朝阳站交通不便，地铁建设进度怎么样，明年能通吗
32,16583556,朝阳区委书记文献,朝阳区塔营北街1号院电动车有车桩无车棚,建言,城建,已办理,2022-11-12 23:41:51,"目前朝阳区管庄塔营北街1号院电动车停放仅有充电车桩，而无电动车停放车棚。车辆摆放和充电全是在露天状态下，而电动车也均堆放在楼下。而这些可能会带来一系列问题。1、充电存在安全隐患，尤其是在下雨天等恶劣条件下，极意引发问题。2、若在炎热的夏天，电动车暴晒，也会引发一定的安全问题。3、电动车均停放在楼下，对住户的出行方便也会造成影响。以上，希望政府督促社区搭建固定的电动车车棚，用于电动车停放，同时也制定合理化的停放标准，共同建设更好的社区环境。谢谢。"
33,16531066,朝阳区委书记文献,红星美凯龙(大郊亭店)东北角,建言,政务,已办理,2022-11-09 03:06:22,1.我是核酸录入人员在11.7和11.8两天工作过程中发现了如下问题:1)两个屋子，四名防疫人员，而健康宝不但经常有市民反应扫不上，还贴在两个屋子之间的缝隙，造成了市民排队到屋子缝隙之间才能扫码，这下极大地浪费了扫码、录入和采样时间。2)此处核酸采样点，其窗户贴的信息与实际工作区域完全不相符合，经常出现市民按照窗户贴的信息行走，这不但可能造成采样管失误，又加大了防疫人员维持秩序的时间成本。2.以上两个问题，我建议如下:1)在距离两个屋子边缘的几米处，放喇叭，立健康宝牌子，这样市民排队时就能扫码完毕，可以很快出示健康宝避免排队到屋子缝隙才拥挤扫码。2.)撤下不实信息，换上现如今大筛查的引流图，免得市民走错又加重防疫人员工作量。3.这两个问题，我都和此防疫站点负责人反应过，但是不起作用，望领导重视，尽可能提高市民采样质量和水平。
34,16490989,朝阳区委书记文献,关于老破小小区拆迁,建言,城建,已办理,2022-11-06 10:46:01,您好， 据了解。朝阳区姚家园东郊木材厂家属楼在将台洼西路规划红线内，又与北京朝阳站相结合。请问东郊木材厂有腾退规划吗？#人民建议#
35,16446308,朝阳区委书记文献,北京市朝阳区燕保汇鸿家园,建言,城建,已办理,2022-11-02 11:46:59, 你好，我是燕宝汇鸿家园的居民。我在这儿已经住了四年了，就是从一开始入住就反映这个中国移动宽带这个覆盖问题，到现在四年了，这个中国移动的宽带还没有覆盖到我们这小区。请您尽快能完善一下这个覆盖面儿。尽快覆盖到我们那个燕保汇鸿家园，别的宽带码都比较昂贵，然后我们这又是公租房。张刚好那手机呢又是中国移动的，可以这个用这个宽带。但是那个我们这儿一直没有接触这个中移动宽带，别的小区基本上周边的都有了。希望能不能尽快把宽带尽快覆盖一下，谢谢。
36,16441156,朝阳区委书记文献,北京中医院黄厂院区,建言,医疗,已办理,2022-11-01 21:21:23,北京中医医院已拟在黄厂地铁站边上地块（原富力又一城公园，已废弃）建设新院区。请问什么时候开始建设，周边居民缺少这样的三甲医院，老人们目前去医院非常不方便。急切盼望家附近能有这样的医院，方便就医。
37,16437026,朝阳区委书记文献,主路乱停车,建言,交通,已办理,2022-11-01 14:57:28,"第一张图阜通东大街车站到西门子，机动车通行的辅路道路都停满了车。第二张图，南湖公园南路美院那条路，主路两侧挺满了机动车。望有关部门治理。辛苦了。"
38,16387344,朝阳区委书记文献,关于定福庄西里2号院改造内容的建言,建言,城建,已办理,2022-10-27 08:26:52,"尊敬的领导您好：    
定福庄西里2号院小区（北齿小区）为7、80年代老小区。1号楼、2号楼、5号楼所在院子，居民户数不多，但老年人比例不少。或许是小区物业管理不善、老年人住户较多、社会人员随意进出等原因，小区环境破败不堪，大门没有安装门及门禁系统，社会人员、车辆可随意出入，存在安全隐患和疫情传播风险。由于该院没有停车管理设施，社会车辆常年挤占居民车位，随处可见乱丢的垃圾，臭味弥漫，严重影响居民身心健康，小区内的花园、公共草坪常年失修，道路破旧不平，小区所有单元门年久失修，常年开着，且门禁系统早已无法使用，可随意进出，楼道内被印满小广告。。。
对标附近的定福庄西街9号楼所在小区，同为7、80年代老小区，小区环境整改提升后有大门门禁系统及门卫，小区人员刷卡进入，小区环境干净整洁，道路平整，每栋单元楼都装有可视单元门，单元楼内进行了粉刷、更换扶梯。
附近的定福庄北里2号院小区环境整治提升后，更是像公园一般，羡慕不已！
欣闻定福庄西里2号院小区已纳入十四五老旧小区旧改名单，政府拟于2022年12月对小区进行环境整治提升。此外，今年小区物业也由房修一物业（物业费0.6元/平米月）更换为首华物业（物业费1.2元/平米月）希望能借此契机协调社区、小区物业一同将小区环境治理好、管理好。
现向领导建言如下：
1.将定福庄西里2号院小区（北齿小区）安装大门及门禁系统，小区居民刷卡进入，并安排门卫，社会人员和车辆不得随意进入小区;
2.将小区道路平整改为柏油路（沥青路），划定停车区域，便于停车管理；
3.将小区单元楼安装可视防盗门，楼内铲除小广告进行粉刷，更换坏掉的扶梯；
4.管理好垃圾排放，及时回收垃圾桶里的垃圾；
5.给小区的花园、草坪翻新（1号楼、2号楼、5号楼院子）。
望领导能采纳，协调社区、物业做好小区环境整治提升、提升服务和管理，共建和谐美好社区，在此感谢！"
39,16322373,朝阳区委书记文献,虚假证书退费,建言,教育,已办理,2022-10-19 18:23:13,我于2021年7月6日花费了2000元购买了北京市朝阳区天力街*号楼1至2层B1-2，北京博*宏儒科技有限公司的才人入库证，公司承诺包过，公司还承诺说证书考过以后给挂靠，后得知包挂靠属于违法行为，之后联系公司退费，均已失联不予受理，对此不认可。希望相关部门协调尽快解决此问题，请调查处理。
40,16316565,朝阳区委书记文献,望京东路人行道急需翻新,建言,城建,已办理,2022-10-19 08:03:02,"前段时间望京交通综合治理工程在望京东路施工铺设电缆（图二三），铺设回填后（图一）道路出现了下陷。
并且望京东路望京街到广顺南大街这段本身就因为使用时间长人行道砖高低不平，走路容易绊倒，再加上前几天铺管道，现在这段的道路急需翻新。
建议在望京交通综合治理铺设管线时，同时把这部分人行道进行铺设，或者想咨询是否有其他规划还会完善更新这条路的设施。"
41,16257410,朝阳区委书记文献,建议重新启用朝阳区金盏嘉园常态化核酸检测小屋,建言,医疗,已办理,2022-10-12 16:28:46,"事情经过：近期，朝阳区金盏嘉园D区（旧区9号楼下）核酸检测小屋停用了。
建议诉求：请求政府领导研判后恢复使用该核酸检测小屋。
建议出发点：
1.马上进入冬季，天气越来越冷，应减少居民户外停留和排队检测的时间。
2.减少因聚集检测等风险，可否实行1区两检测点的分流检测。
3.方便居民可选择就近常态化核酸检测，提高居民检测积极性和检测效率。

请领导研判。"
42,16252892,朝阳区委书记文献,建议慈云寺东路和力源里北街路口南侧打通步行门,建言,交通,已办理,2022-10-12 09:21:34,"1. 四惠站下车的行人到达慈云寺东路需要经过一段废弃铁轨，但路口开在西边，需要绕行；
2. 建议在慈云寺东路和力源里北街的丁字路口开通一个步行小门，仅一墙之隔，施工无难度，方便四惠站下车行人通行；#人民建议#"
43,16245914,朝阳区委书记文献,华威南路北侧人行道路极其狭窄，建议优化提升,建言,交通,已办理,2022-10-11 13:13:48,"书记：
     您好。我是华威南路附近居民，建议对华威南路北侧的人行道进行优化提升。华威南路北侧路段有华威西里、潘家园南里等多个小区，人流量较大，经常有人从此处经过，但该路段北侧人行道路非常狭窄，最窄的地方仅够2人同时通过。建议对该路段北侧人行道进行优化提升。短期内建议可以对该路段的到道行树的树坑进行找平处理（比如填充石子/格子或木板），间接扩大人行道可利用面积，便于老百姓出行。
      此外，该路段也经常有机动车乱停在人行道上，进一步压缩了人行空间，建议交通执法部门加大巡查处罚违停力度。"
44,16234534,朝阳区委书记文献,环卫工人乱人垃圾,建言,环保,已办理,2022-10-10 10:37:25,朝阳环卫在位于豆各庄绿丰休闲公园北侧路道路保洁时把清扫的垃圾随意乱扔，偷倒在就近的公园内。已经发现好几次了，后付照片。
45,16211038,朝阳区委书记文献,望京休闲水岸建议打通桥下步行道联通,建言,城建,已办理,2022-10-07 11:42:38,望京休闲水岸今年修好后非常方便周边居民。但是发现桥下的步道没有联通。因为桥上路面都是有栏杆挡住的，或者需要过红绿灯。希望可以将桥下水系以步道形式联通（人可以从桥下过马路）这样可以沿着水边一直走到大望京公园，也更加符合休闲水岸和步道定位，将水系真正连成一体。
46,16204703,朝阳区委书记文献,建议在兴隆公园更换或增加新乒乓球台,建言,文娱,已办理,2022-10-06 10:22:04,我是居住在兴隆公园附近的居民，平时喜欢在公园运动健身，但兴隆公园运动场里的两个乒乓球台已经破旧不堪，无法使用，且地面也凹凸不平，常年失修。另外建议在周围的市政公园空地里，如平房公园里适当增加乒乓球台和篮球架等大众运动器械，方便成年人和孩子运动使用。目前公园里老年人活动器械比较健全了，但青年人喜欢的运动器械太少了！
47,16203496,朝阳区委书记文献,退费问题,建言,教育,已办理,2022-10-06 00:48:20,领导你好，再次打扰你非常抱歉。去年在北京优思科技有限公司，因为本人要提升学历通过网络信息了解到北京优思科技有限公司有提升学历的业务，所以找到该公司，后交了一笔钱用于提升学历费用，但是该公司未能帮助学历提升，后经过咱们政府单位帮助下，该公司同意退还一部分钱，后该公司给我发了一张退款合同本人签过之后，该公司未能退还钱款，本人有事一直耽搁了，还望领导继续帮忙，至今未拿回退款。
48,16202847,朝阳区委书记文献,十八里店乡在引进医院方面有没有什么规划 ,建言,医疗,已办理,2022-10-05 21:51:48,东坝地区引进了安贞医院，常营引进了朝阳医院东院区，豆各庄乡引进了北京中医医院。十八里店乡作为朝阳南部崛起重点区域，在引进知名医院方面有没有什么规划计划?能不能引一些知名医院建立分院区?2003年以来朝阳港规划出台已经近二十年了，至今毫无进展，不能再拖下去了。
49,16190311,朝阳区委书记文献,求助,建言,就业,已办理,2022-10-03 19:48:15,本人于2021年12月6日在北京***咨询服务有限公司交劳务费用15800元（派遣新西兰），该公司知道本人是残疾人不符合派遣条件，但保证一定安排出国，引诱本人支付派遣费用，签订劳务合同，因本人不符合劳务派遣条件现一直在家，要求退还所有费用，但该公司只愿支付一小部分费用，特向政府求助！
50,16180834,朝阳区委书记文献,明天第一城6号院,建言,城建,已办理,2022-10-02 10:14:07,明天第一城车棚太少，下雨天自行车没有地方放，仅有的车棚经常会打架挤占车位，挤占充电桩。明天第一城6号院1号楼北面 自行车乱放，能否能在楼前给安排搭建车棚子？
51,16174798,朝阳区委书记文献,关于水碓子小区违建群租群宿,建言,治安,已办理,2022-10-01 10:30:43,"水碓子社区里有个“甲七号”大院，据说是当年某个棉纺厂盖的临时宿舍，后经疏通街道关系后颁发的所谓门牌号。院子里成群结队的送桶装水的，送煤气罐的，送外卖的，院外停放的数量可观电动送货车。潸然在大门后面成了一个朝阳区中心地带城中村，每到早上和半夜热闹非凡。不知道发到这里能不能有些许改善，给百忙之中的领导添麻烦了，还望海涵。
"
52,16161228,朝阳区委书记文献,朝阳区公租房政策,建言,城建,已办理,2022-09-29 18:46:56,领导好申请人在其他远郊区县有宅基地的可以在朝阳申请公租房吗？具体需要什么条件什么手续
53,16153581,朝阳区委书记文献,康静里小区,建言,城建,已办理,2022-09-28 22:55:35,"东坝康静里小区，为首开在管项目，是三十年老旧小区。目前物业存在的诸多问题：
1、电动自行车疏于管理，经常看到居民把电池拿回家充电现象，小区露天充电位不足，在电动自行车电池爆燃频发的环境下，物业依然不重视，不采取有力措施，存在严重安全隐患！
2、小区卫生环境质量下降，脏乱差死灰复燃，环顾小区，存在多处卫生死角，杂物乱堆！
3、小区一号楼为筒子楼结构，楼道里杂物堆砌，占用消防通道，存在严重安全隐患！卫生脏乱，住户的宠物狗随处便溺，投诉多次，物业不作为，没有相应措施管理！
希望区政府加强老旧小区的监管力度，消除安全隐患，给老百姓创造一个干净整洁的生活环境！谢谢！"
54,16152240,朝阳区委书记文献,朝阳区黑庄户乡大鲁店三村拆迁计划,建言,城建,已办理,2022-09-28 20:33:21,领导您好，大鲁店三村现在住房紧张，不让加盖二层，也不让翻盖房屋，2022年是有拆迁计划吗？
55,16137832,朝阳区委书记文献,北京朝阳站南段噪音问题，呼吁加装全封闭声屏障,建言,环保,已办理,2022-09-27 12:33:55,1.北京朝阳站南段火车经过沿线，涉及居民区众多，每天在人熟睡时，火车运行声音巨大、加之呜笛，各种噪音及其频繁，严重影响居民睡眠，建议将铁路改道。2.如果改道存在困难，可以加装全封闭声音屏障，彻底消除铁路、火车运行和鸣笛带来的噪音。3.噪音严重影响上下老小全家人的居住和睡眠，请相关领导给予重视，还沿路全体居民一个正常的、安全的，可安居的环境，这是涉及民众能否安心生活的大事。
56,16103491,朝阳区委书记文献,小区停车难,建言,城建,已办理,2022-09-23 20:05:37,小区停车难，只收费没有停车位，小区都是固定车位，两个小时找不到车位，停车钱交了就不管了
57,16096161,朝阳区委书记文献,噪音,建言,环保,已办理,2022-09-23 08:48:23,我是定福家园南里一号院业主就是定福家园南里一号院八号楼二单元第九层在9月23日上午八点三十多有时断时续电钻钻东西东西太吵
58,16054067,朝阳区委书记文献,铁路,建言,交通,已办理,2022-09-19 09:31:24,北京东站，无论设施等各方面都显得很落后，有没有改造计划。
59,16047674,朝阳区委书记文献,大屯街道地下室又开始出租,建言,城建,已办理,2022-09-18 13:01:59,我们是大屯街道育慧西里小区业主，我们小区9号楼、1O号楼、11号楼，三个地下室又开始装修出租了，
60,16032309,朝阳区委书记文献,求助,建言,就业,已办理,2022-09-16 17:20:10,北京优x人力资源有限公司联合青xx启教育咨询有限公司，以兼职为由诱骗办理证书。先签订高价用证合同，再承诺用证单位报销费用，犹豫不决期间还有会有老师用上海电话号码，自称用证公司人员进行进一步承诺报销费用，催促办理证书，并承诺先签订证书预约合同。钱交后，联系后告知公司因疫情原因项目无法正常施工推脱，要求全额退款，一直给不了答复，转给一个叫金主任的，目前均无法联系。 由于北京优xx力资源有限公司根本性违约，现要求全额退款51200元。 网上查询，多位学员被同一手段所骗，损失不等。请有关部门帮忙解决，挽回广大学员损失，谢谢。
61,16029044,朝阳区委书记文献,关于二婚子女上学问题,建言,教育,已办理,2022-09-16 12:25:15,尊敬的领导您好，我是一个二婚家庭，妻子带一女孩嫁给我，己经十一年了。妻子和孩子是外地户口。我又是一个低保家庭没有钱买房。所以孩子的户口过不来。现在女儿上初三面临中考。请问孩子今后能在北京考高中和大学吗？
62,16008764,朝阳区委书记文献,中传网校报名费退费求助,建言,教育,已办理,2022-09-14 14:51:46,领导您好，本人于20年七月报名中传创新网校一级消防工程师VIP班课程花费6780元，同年八月校方老师以考试将会改革当年不报名后期无消防资质不能参加考试为由诱导报名缴纳考试费用1800元，说是有效期三年，报完名后期考试改革也不会有影响。报名后一共就学习了五天课程，上次经过领导出面协商退还了少部分课程学费，但是并未退还考试报名费。缴纳考试报名费后本人并未参加一次考试。在此请求领导帮助要回考试报名费1800元。
63,15998757,朝阳区委书记文献,【小区高频长时间停热水，居民生活用水难】,建言,城建,已办理,2022-09-13 17:21:27,"以管道维修为由，一个月内停两次热水，一次停一周，期间未提供过任何洗澡等居民热水使用场景的补偿措施或替代方案。
根据其他住户反馈，双井富力城A区、B区在近年来停热水频率一直居高不下，每次停热水的原因都是＂市政管道维修／改造＂，且与物业了解情况后发现，每次＂维修／改造＂的管道基本上都是同样的一两条。
究竟是前期规划有问题，需要市政一次又一次的来进行补救，还是市政施工本身能力的问题，多次维修都修不好？
身为市民我们支持市政施工，但也请市政施工充分考虑居民的生活需求，而不是打着市政施工的旗号，一次又一次反反复复给居民带来不便。如果说修了一次两次三次四次都修不好，请找找原因，或者更换相应负责人，而不是继续折腾住户。"
64,15981455,朝阳区委书记文献,小区安装充电桩问题,建言,城建,已办理,2022-09-11 18:43:33,我家在朝阳区双桥中路10号南院，响应政府政策，今年购置一辆新能源车，想在小区安装一个充电桩，但是小区物业以没有固定车位为由不让安装。我看小区旁边的五号井和六号井小区，物业都允许住户安装了充电桩了，也没有都安装在固定车位上，为什么就我们这个小区不能装。小区没有充电桩对我的电动车使用造成非常大的不便，既然北京市大力推广新能源，就应该解决我们老百姓小区充电的问题，请区领导协调解决。
65,15977532,朝阳区委书记文献,朝阳区黎各庄电动车管理改善建议,建言,治安,已办理,2022-09-11 09:43:41,"黎各庄电动车管理情况
限定进入黎各庄的车牌必须安装带有“黎.电XX”的车牌，悬挂于车辆上，不然就要被拦停登记；所有“黎.电XX”的车牌是用于在黎各庄充电桩付费充电使用和出入的凭证。

黎各庄电动车管理建议

1、管理粗暴，拦停人员管理粗暴，门口既没有提示，也没有张贴公告，粗暴拦停喝令登记。
建议：文明执法，村口提前张贴告示和规定，管理人员名单和投诉。

2、临时进出非常不便，没考虑附近居民出入需求和区分管理
原因：附近居住有物流公司员工，朝阳陵园及皮村附近的大量居民，黎各庄外部又没有菜店、超市等生活设施，这些居民临时频繁出入黎各庄购买生活用品，黎各庄对附近有临时出入一律拦停登记的行为带来很大不便。
建议：对有临时出入需求又不在黎各庄居住的人员设置临时出入牌照。
"
66,15960258,朝阳区委书记文献,银行卡无故被锁,建言,金融,已办理,2022-09-09 10:26:15,我有一张招商银行的工资卡 ，因为2021年10月往支付宝转账3万，在2022年7月被反诈中心限制了使用。7月底已经跟银行的工作人员一起去十八里店公安局做了笔录，但是两个月过去了，这张卡还没有被解。我理解被锁的这件事，但是这笔异常的交易记录明显是被误识别的，我也已经去公安局做了笔录并且确认交易无异常，也提供了证明，为什么两个月了还不能接解？这是工资卡，再不解就该影响我的正常生活了，希望有关部门可以尽快解锁，谢谢
67,15957385,朝阳区委书记文献,建外街道,建言,政务,已办理,2022-09-08 22:53:52,"书记好，很抱歉百忙中打扰您   建外 soho 西区从2007年开始实行物业自治，由于这个小区自住业主少，信息不透明，监管失控，导致物业成为业委会几个人的外包执行机构。每年3000多万的资金，财务平帐和监查报告都是自己安排完成。由于实际用于小区建设和维护的支出过少，小区的品质成为洼地，安全问题层出不穷！对于提出质疑的业主，业委会威逼利诱，并多次发生肢体挑衅，场面激烈，有视频为证。恳请书记问责建外街道，并要求第三方审计介入建外 soho 西区业委会。这是广大业主的心声，更是对政府的恳求和信任。


 
"
68,15957242,朝阳区委书记文献,高层居民楼违规加盖隔断房做群租房,建言,治安,已办理,2022-09-08 22:34:42,北京市朝阳区十八里店乡弘善家园G区308号楼27**室（27**，27**），27**室将原本两室一厅的房间，在客厅区域违规加盖隔断房，改造成单间，两室变三室做群租，分别租给三家不同租户，人员密集混杂，违法违规，27层的高度，如果发生火灾等问题后果不堪设想，北京就曾发生过血淋淋的教训，请相关部门立即以最严厉的手段予以打击，马上拆除清退，杜绝一切可能随时发生的重大事故隐患，紧要关头刻不容缓！旁边的27**，27**也请进行全面清查，拆除隔断房清退群租。
69,15920317,朝阳区委书记文献,退费求,建言,教育,已办理,2022-09-05 13:10:08,本人22年7月25日通过网上报名**网校一级消防工程师考试培训班，缴纳费用4640元，并承诺可以帮我报名，现因无法帮助我报名，无法正常参加考试，要求校方退费，才开课一个月，不想白白浪费学费，校方迟迟没有回应，希望领导帮忙解决一下把学费退给我，谢谢。
70,15909387,朝阳区委书记文献,北京市朝阳区应届生三年社保落户办理时间问题,建言,政务,已办理,2022-09-04 09:18:26,"事件描述：
       1. 本人于2019年7月毕业入职，入职后拿到了北京市朝阳区三年落户指标，于2022年6月社保缴满36个月。然后在等待了漫长的两个月之后，人社局才通知将个人的户口本、身份证复印件等材料提交，并反馈给我们说需要等待三个月左右才会给下一步的通知，也就是11月才能拿到落户介绍信。私下和已经拿到落户迁移证的人打听，说是拿到迁移证后仍然要等待两个月才能拿到户口卡，这样全部流程走完要等到2023年年初。
       2. 我周围也有很多一起毕业的朋友拿到三年落户指标，他们在北京其它区比如丰台区、海淀区，落户办理时间不会超过三个月，甚至有的同学已经落户结束，而朝阳区落户的办理速度一直都慢很多。

诉求：
       恳求朝阳区人社局能加快速度，尽快帮我们完成办理落户。"
71,15901384,朝阳区委书记文献,广场舞扰民,建言,环保,已办理,2022-09-03 08:45:00,管庄北二里小区广场舞扰民，声音大到在家听的清楚， 早上8点前就被吵醒，且物业、社区无人管理此事。长期不堪此扰！严重影响工作与生活。
72,15892148,朝阳区委书记文献,在学校体育馆办理健身卡不能使用、联系、退费,建言,政务,已办理,2022-09-02 09:24:59,书记您好，我在2019年前后在朝师附小学西坝河校区内学校体育馆办一张储值卡，快三年了不能打球，多次联系场馆无果，也不给退费，近期已经联系不上场馆方，希望校方及有关部门给予协调解决。
73,15891300,朝阳区委书记文献,关于北京中学二分校路口乱停车问题,建言,交通,已办理,2022-09-02 08:02:00,北京中学二分校路口朝新大街与驹子房西路路口早晚高峰车流量大，人流多，学校师生2000多人，但一条行驶车道被乱停车的车子长期占用，造成行车道完全无法使用，使得整条朝新大街异常拥堵。建议相关部门重新划分停车区域，确保路口交通通畅，保障相关车辆可以即停即走，维护师生的交通安全。
74,15883967,朝阳区委书记文献,亮马桥家育苑幼儿园违建扰民,建言,治安,已办理,2022-09-01 12:12:14,亮马桥东方东路 家育苑幼儿园 离附近附近两栋居民楼目测不超过50米 （以前是个公司 最近改建成幼儿园） 非常扰民 周末也都是孩子吵闹 这么近怎么可能被批准？望政府彻查 还附近居民生活环境！
75,15881617,朝阳区委书记文献,新入学 女生留发 个人意愿 心里健康 问题,建言,教育,已办理,2022-09-01 08:38:06,"尊敬的市领导您好：朝阳区 朝阳外国语小学部 1年级入学规定 能否更改一下本不合理的女生头发要求？本市优秀学校也没有对女生头发有如此苛刻的要求。此前要求女生短发，每年如此，女孩天真年龄跟假小子似的。延续9年。严重影响孩子审美及内心意愿身心健康。家长有的因此打架而且学生内心也违背自身意愿。
       由于考虑未成年孩子从小内心教育培养。内心意愿健康成长。成绩 品德 不是靠短发就能有的。靠后期家长及老师的共同培养。不要对女生头发上纲上线。我们也尽力配合学校尽可能发型利索不影响学习生活。孩子黄金时期给她下她应有的美好及身心健康。
      请教委各领导给予协调 请各部门领导给予理解支持。#人民建议#"
76,15861274,朝阳区委书记文献,茂兴中街停车难,建言,交通,已办理,2022-08-30 08:05:22,百子湾公园南侧茂兴中街原来停车是垂直道路停，从上个月开始每天贴条变成了顺着道路停车，很多车没地方停变成了两排，里面的车出去很困难，为什么不能允许像之前那样停，现在停成两排没有解决占路问题反而增加了出行难度
77,15857660,朝阳区委书记文献,汇鸿家园物业公司停车收费问题,建言,城建,已办理,2022-08-29 18:35:42,今年上半年，常营乡政府因汇鸿家园停车难问题在小区底商规划建设了多个便民停车场。据说，该停车场所用土地使用权限归常营乡原住民所有。但是汇鸿家园物业公司即北京汇荣嘉和物业管理有限公司，在汇鸿家园10号楼下停车场开展停车收费行为。便民性质的停车场为何会变成了商业停车场？此外，收费行为并未提前告知，导致停车出场需缴纳高额停车费。17点提示18点前出场可免停车费，根本无法赶回来挪车。我对于其收费权限和收费行为是否妥当提出质疑，望解答。
78,15853767,朝阳区委书记文献,朝阳区非京籍幼升小居住证时间不够6个月,建言,教育,已办理,2022-08-29 11:51:08,"尊敬的领导您好
我和老公来北京将近十几年的，现因为居住证休眠断档孩子不能上学，目前老家回不去，双方父母都八十了，也照顾不了孩子。孩子从出生到上幼儿园一直都在北京。实际一直在北京居住但是就因为居住证时间不够上不了学也对孩子太不公平了。望领导能在帮忙之中给于回复急待解决。我们可以提供社保 实际在朝阳区居住的的一切证明。恳请给孩子一个上学的机会，给孩子一个上学的机会，谢谢领导"
79,15850558,朝阳区委书记文献,老旧危房改造,建言,城建,已办理,2022-08-29 00:44:08,尊敬的书记您好，平房乡青年路姚家园1253号院，是上世纪八十年代初建的砖房，到现在已经有四十年了。因建筑时间太久，房屋已经老化，最重要的是，院的北面紧邻一条河离墙只有五十来公分，经过这么多年的冲刷，地基已经下沉，房屋墙面出现裂缝，如果遇到较大降雨引起河堤滑坡，后果不堪设想。另外因院内低洼每逢下雨都会积水，人们都要趟水出门。望尊敬的领导百忙之中，体察一下民情，帮我们解决一下实际困难。
80,15840592,朝阳区委书记文献,老房未改造加固，违建未拆除,建言,城建,已办理,2022-08-27 17:02:08,朝阳区静安庄一区六，七号楼始建于1979年，至今已使用43年，需加固做保温，楼下一层住户私搭乱建违章建房，使用的是彩钢板易起火造成火灾事故，脏乱差，请领导核实整改，谢谢！
81,15839437,朝阳区委书记文献,地铁立水桥南站一层站厅层没有线路图,建言,交通,已办理,2022-08-27 14:06:02,地铁立水桥南站一层为站厅层，二层为站台层，且二层属于侧式站台，两侧站台在二层互不联通。所以一层整个站厅层付费区没有线路图，都不知道去下一个目的地铁站该去哪侧站台，经常会出现跑到二层发现方向不对，然后再折回一层跑到对面去，强烈建议在一层付费区加上列车线路图。#人民建议#
82,15835902,朝阳区委书记文献,十八里店，加快优质教育,建言,教育,已办理,2022-08-26 23:39:53,十八里店，离国贸和亦庄都不远，位置不错，就是现状和教育太差了，希望加快推进优质教育资源，谢谢#人民建议#
83,15829978,朝阳区委书记文献,民航总医院收费增加支付宝,建言,医疗,已办理,2022-08-26 11:46:31,现在很多医院都是多项渠道收费，而且微信支付宝到处都是，这家医院却只能微信结算，建议增加支付宝支付功能
84,15829966,朝阳区委书记文献,请求退回,建言,教育,已办理,2022-08-26 11:45:46,"2021年4月7日，北京晟x海纳教育机构推销员打电话诱导我交了1980元学费，考的一级消防工程师证书，承诺考不过包退费，并故意告诉我考试不难降低考试难度。5月19日接到该机构李主任电话，让我交费升级到包过班，承诺有考试试题，快考试的时候会发给包过班的学员，一定包过，不过全额退费。在他诱导下总计交了两万元给该机构。过
了几个月发现这个机构已经注销了，并且没有任
何通知，找他们退费无果，实在没有办法了。本
想考个证书改变生活，学费还是分期付款的，真
的希望可以帮帮我退回学费。"
85,15821239,朝阳区委书记文献,北京应届生三年社保落户办理周期问题,建言,政务,已办理,2022-08-25 14:26:32,"事件描述：
1. 我是2019年毕业，同年拿到了朝阳区3年社保落户指标，于2022年（本年）6月份缴纳社保满三年，开始了漫长了落户流程，从提交社保缴纳证明材料，到提交户口本原件，中间经历了一个多月，近期提交了户口本到朝阳区人社局，公司工作人员说要等待两到三个月才能返还户口本以及准迁证，后边回老家开迁移证，再次提交人社局，后边又要等几个月，全部流程走完得年底。
2. 我们公司有不少落户的名额，对比了过去几年不同区的落户周期，发现除了朝阳区，比如海淀区，基本2-3个月从提交社保材料到最后落户成功流程全部都能走完，然后私下跟人打听，就说朝阳区办啥事都慢。
诉求：
朝阳区人社局能加快办事效率，尽快审核。"
86,15820507,朝阳区委书记文献,恳请朝阳区政府废除70年产权住宅注册公司,建言,城建,已办理,2022-08-25 13:12:10,"尊敬的领导，我们是位于北京市朝阳区广渠门外大街8号优士阁住宅的业主，我们房产证上为70年产权住宅，民水民电，限购。但北京市朝阳区市场监管局却违反国家制定的70年产权住宅不能注册公司的规定，至今仍然允许住宅优士阁注册公司。
我们于今年5月4日求助了北京市长热线，朝阳区市场监管局于5月7日14：26，电话回复：多年前北京市市场监管局派人来优士阁看了一下，说可以注册公司，之后北京市市场监管局给朝阳区市场监管局下发了一个通知，就允许70年产权住宅优士阁在朝阳区工商局注册公司了。
而和优士阁同样的楼盘，房屋性质、房屋构造、没有燃气等完全相同（峻峰华亭、远洋新干线A座、德胜置业等），已于去年5月19日，依据房管局已作废的《房屋权属证明》：“住宅不允许注册公司。”完成整改，禁止注册公司，回归住宅本质，可以落户。
优士阁住宅却仅凭北京市市场监管局多年前下发给朝阳区市场监督管理局的违法通知，仍然可以在朝阳区市场监督管理局注册公司。能注册公司，我们就落不了户口，那我们广大业主户口往哪里落？我们的子女上学成了大问题。
12345于2022年7月21日回复我们：经朝阳区市场监管局核实，针对朝阳区部分注册地址的历史遗留问题，目前多部门已经初步达成统一意见，朝阳区市场监管局正在向朝阳区政府汇报过程中。
已经过去了一个多月，至今没有人告诉我们，多部门达成的统一意见是什么？朝阳区市场监督管理局已经向朝阳区政府汇报完了吗？现在朝阳区政府回复的意见是什么？
恳请朝阳区政府督促朝阳区市场监管局，废除70年产权住宅优士阁注册公司的违法通知，回归房本注明的70年产权住宅本质，恢复740户全体优士阁业主享有合法落户的权利!恳请朝阳区政府区政府尽快答复我们广大业主，协调会商讨的最终结果是什么？谢谢！"
87,15796634,朝阳区委书记文献,建议继承车辆能够连带原车牌号码一同继承,建言,交通,已办理,2022-08-22 23:51:06,母亲去世后名下有京牌小客车一辆，我是法定继承人并且已经取得继承公证书，请问领导，依照现行的政策，在办理车辆继承过程中，继承人能否继续使用母亲原先的车牌号，因为原号牌对我意义深重并且是对已故亲人的一种思念寄托。如果现有政策不允许，能否建议在继承车辆这种特殊的业务中，考虑加入民众的此项请求。
88,15788484,朝阳区委书记文献,崔各庄南皋地区尽快落实顶级学校,建言,教育,已办理,2022-08-22 09:44:23," 
崔各庄南皋地区作为大望京板块仅有的高端居住板块，其教育用地（绿城晓风印月代建）一致悬而未决。此状况会使高端居住人群无法长期在崔各庄南皋地块定居，一旦面临子女上学问题，将卖房置换海淀区，进而导致高端人才无法在朝阳区居住或工作、高端企业走向平庸，严重影响朝阳区税源。
建议引入北京中学/十一学校/中关村教育集团/人大附/北大附/清华附等名校分校"
89,15773546,朝阳区委书记文献,本人求助公司赔偿一直不给，在家房贷还款经济紧,建言,就业,已办理,2022-08-20 10:22:54,本人2022年6月9日被北京恒富物业服务有限公司（富力物业）现公司对外名称为天力物业裁员，当时承诺七月份把赔偿款打入银行卡，现已过去两个多月一直未打款，联系公司一直未回复，因本人已离开北京目前在家务农，现在我的家乡突发疫情无法工作，现在房贷无法偿还，目前只能求助政府、恳请政府帮助追回赔偿款，目前没有经济来源请政府重视
90,15745319,朝阳区委书记文献,小区开门,建言,城建,已办理,2022-08-17 11:24:26,您好我们住在朝阳区北三条社区，前一阵因为疫情防控，小区只开设了南门一个门，其余的门全部封锁。作为居民能够理解，虽然很不方便，老人要绕好远才能走到社区医院，但是我们支持疫情常态化的决策。可是现在已经是8月份，疫情防控趋于稳定，能否把北边的门开一个，方便居民出行，开药，去超市，尤其对于腿不利落的老人，希望能够把北门打开，谢谢。
91,15730329,朝阳区委书记文献,居民楼内有恶臭味，反映过物业未得到解决,建言,环保,已办理,2022-08-15 21:43:15,"您好，我是左家庄西街6号楼2单元的住户，最近一个月来，楼内总有臭味，味道非常大，温度高的时候更甚，令人作呕。
跟物业反映过，好像是邻居养宠物的臭味，但是一直无人解决。
炎热天气，臭味极度影响楼内环境，进了楼之后需要屏住呼吸，希望可以尽快处理。多谢"
92,15724457,朝阳区委书记文献,东风乡东风苑小区外南侧绿地缺少垃圾桶,建言,环保,已办理,2022-08-15 11:13:04,图片位置和西侧，均缺少垃圾桶，市民游玩不方便
93,15717371,朝阳区委书记文献,违建房屋火灾隐患,建言,城建,已办理,2022-08-14 11:42:10,"北京朝阳百子湾33号院建厂局铁路宿舍，产权单位隶属中铁建工集团，属地管理属于朝阳区双井街道办事处。院内所有房屋均属于公棚性质的违建房屋。屋内电线老化，墙皮一碰就掉，屋内环境阴暗潮湿，院内院外存在极其严重的火灾安全隐患。朝阳区双井街道办事处曾于2020年7月联合中铁建工及双井城管拆除了一部分私搭乱建的违建房屋。剩余所有违建房屋再也无人问津无人管理。曾向各个部门反映了好多次，均无结果。说问题属于产权单位，可是产权单位不管，属地也不管，双井街道办事处回访中心，朝阳区回访极其北京市回访中心都只是回访一下，然后就不再有下文。院内居住居民包括好多老人和孩子。希望能引起有关部门的关注，帮助居民解决民生问题还居民一个安心放心的居住环境。
朝阳区双井街道九龙居委会工作人员说如果再 拨打12345投诉，电话就会被拉黑，以后再也打不了12345.另外工作人员还出主意让购买房改房。我想问一下这是解决问题的办法吗？另外购买房改房能解决这个区域的违建房屋，火灾隐患问题？
  另外，居民要求不要把反映的问题再转给街道办事处九龙居委会，因为她们不能解决任何问题。希望此问题能转交给产权单位中铁建工集团。"
94,15712896,朝阳区委书记文献,大屯路豹房违停严重,建言,交通,已办理,2022-08-13 18:11:49,大屯路豹房违停严重，好多年没人管甚至自己搭设路障
95,15710977,朝阳区委书记文献,慧忠里第一社区双休日停水施工,建言,政务,已办理,2022-08-13 13:07:59,近日慧忠里小区进行密集的水管改造修缮工程，时常需要停水施工。但双休日在大部分居民都在家正常生活的情况下，早8点开始施工扰民，并且中午不恢复生活正常用水，对社区居民的周末生活带来极大不便。电话社区服务站，无人接听。希望相关领导和部门帮助解决问题，避免双休日停水施工的扰民工程。
96,15710137,朝阳区委书记文献,隔断安全隐患,建言,城建,已办理,2022-08-13 11:16:36,朝阳区望京花家地西里306号楼3单元5xx群租房，有隔断，住房有安全隐患。请查证处理
97,15706688,朝阳区委书记文献,崔各庄地区南皋路与容和路连通,建言,城建,已办理,2022-08-12 20:34:07,望京足够繁华又非常闭塞，京密路的车流量巨大但是想要进入望京地区只有大望京公园的双向单行道小桥和大山子路口两处，这也是早晚高峰京密路车流量无法疏解的主要原因，短短五六百米得走二十分钟，后续崔各庄地区住宅区陆续建成，未来会有更多人员对便捷进入望京区域有所诉求，连通容和路与南皋路，可以最大程度满足人民出行欲望带动经济消费，强烈建议政府在道路规划方面排除万难以便捷和发展为己任，以望京为表率带动周围区域更好更快发展，从而吸引更多高精尖人才流入朝阳建设朝阳，让大家对朝阳的发展充满信心
98,15705862,朝阳区委书记文献,老旧小区改造影响社区商业,建言,城建,已办理,2022-08-12 18:20:06,劲松八区809楼后，物业鼓动社区居民投诉以加装电梯为油要拆出屋顶，城管和我们几个商户协商要拆出因为老小区有历史遗留问题，我走访啦后院的老居民，他们说从搬到这个院里这个商业后院就存在，即使拆除屋顶也没法安装电梯的商业后院建房，已存在几十年啦，虽说加顶违规，那也是为了营造更好的经营环境（因为前面商业使用面积小不能符合现在公共卫生服务的要求)，在不影响小区的环境的情况下没必要给拆除，希望领导们研究一下这个问题，正常经营几十年的生意因为拆除造成无法经营啦！#人民建议#
99,15705643,朝阳区委书记文献,违法停车占用自行车道影响安全出行,建言,交通,已办理,2022-08-12 17:46:49,北京市朝阳区百子湾南二路，苹果社区南区南门外道路，这条路两侧本来已经规划了停车位，方便市民停放车辆，但是有一些违法车辆，在停车位外侧停放，在公交车站停放，导致公交车无法进站，直接停在车道上。这些违法停车的车辆，占用自行车道，我们骑车的也需要在机动车道上行驶，特别危险，请交管部门加大巡查力度，对违法车辆清拖，保障市民安全出行。
100,15705220,朝阳区委书记文献,京密快速路望京出入口,建言,交通,已办理,2022-08-12 16:54:55,"尊敬的领导您好：

望京CBD绝大部分产业和就业机会都集中在五环内区域，然而望京五环内的住宅增量已经趋于饱和，在望京CBD工作的人群逐渐往五环外崔各庄区域转移，且崔各庄地区尚无大型商业，未来每天通勤和消费将有大量人次往返于望京CBD与崔各庄居住区。因此，京密高架路联通崔各庄与望京CBD非常有必要，在大望京公园开设出入口是高瞻远瞩的规划，能够极大保障大望京地区的职住平衡。

同样，孙河地区已经成为成熟的居住区，但商业配套和就业机会更多仍依靠望京CBD。未来京密高架路二期还可能连接顺义地区甚至怀柔地区，而怀柔科学城也是规划重点。因此，京密高架路在大望京公园设置核心出入口非常有必要。

听闻大望京公园周边部分现有业主反对在此设置京密高架出入口，令人费解。这不符合绝大多数人的需求和利益，应该以望京的发展为先，以保障朝阳区内外绝大多数人的利益为先。况且，开设新的出入口也将为整体望京内部居民出入望京地区提供便利。

京密快速路在大望京公园的出入口无论其交通意义、商业价值都非常关键，极其有必要，一旦缺失未来数年都难以再次改造升级。因此，还有望领导们谨慎评估，请务必保留京密高架路的大望京公园的出入口。
"
101,15704414,朝阳区委书记文献,朝阳区农光里中社区公房购买产权问题,建言,城建,已办理,2022-08-12 15:35:40,您好，我是朝阳区农光里中社区221楼的居民，最近听说可以购买公房产权，去了北京市房产交易中心北京市东城区东花市北里东区一号楼查询并没有查到对外出售房产的记录，物业给了一个开发商联系方式说可以购买需要提供工龄证明抵扣房款，去朝阳人才的时候说必须是退休人员才能开具（还没退休）或者提供购买房屋的盖章表才开局，开发商又无法提供表格，现在已经不知道购买公房产权应该找哪个部门或者公司了。物业提供的开发商电话是否是真的。是否让相关单位或企业联系一下我们。非常感谢。#人民建议#
102,15701914,朝阳区委书记文献,小区因电表容量问题，无法安装新能源家用充电桩,建言,环保,已办理,2022-08-12 10:54:35,"领导您好，随着家用电车的普及，越来越多家庭选择电车，但随之而来的问题是充电。

目前朝阳区很多老小区，甚至我们广华新城是在2019年交付的新小区，都因电表容量问题，无法给业主安充电桩。

问过物业说，要等上级单位给电表扩容，但扩容时间未知，这里还包括扩容费用问题，这就给很多我们这种原本可以有自己的充电桩，但无法安装的家庭造成非常大的不便。

上周因为没有自己的充电桩，去找共享充电桩，很多都被占用，甚至充完电车也不开走，为了找充电桩，就花费了40分钟的时间，极其不方便。

从政府层面来说，推行新能源电车，相关配置是否需要跟上？包括如何推动物业扩容电表的问题，如果没有国家层面的政策和施压，单靠物业，很难将事情落地，最终造成不便的都是业主。"
103,15683178,朝阳区委书记文献,教育培训机构欺骗老百姓,建言,教育,已办理,2022-08-10 10:48:53,尊敬的领导，您好！感谢您在百忙之中抽空看下。该培训机构存在办证问题，我于2022年3月1日在他公司员工刘老师的忽悠下，降低了原有的警惕性，被该公司员工刘老师骗取资金3000元，以示为警，吸取教训。望领导对于该类培训机构严惩，以免助长这种歪风邪气。为我们这种平民老百姓做主，退还钱财。
104,15677000,朝阳区委书记文献,车辆违停占用人行便道，禁停路段全是违规停车,建言,城建,已办理,2022-08-09 16:00:38,"1.朝阳区管庄路全线禁停，私家车直接停上人行便道
2.利用电动自行车，电动三轮车私自占用人行便道停车
3.因周边都是老旧小区，无配套停车设施，导致违停车辆非常多"
105,15671305,朝阳区委书记文献,京密路设立大望京公园出口,建言,交通,已办理,2022-08-08 22:41:31,望京CBD绝大部分产业和就业机会都集中在五环内区域，然而望京五环内的住宅增量已经趋于饱和，在望京CBD工作的人群逐渐往五环外崔各庄区域转移，且崔各庄地区尚无大型商业，未来每天通勤和消费将有大量人次往返于望京CBD与崔各庄居住区。因此，京密高架路联通崔各庄与望京CBD非常有必要，在大望京公园开设出入口是高瞻远瞩的规划，能够极大保障大望京地区的职住平衡。同样，孙河地区已经成为成熟的居住区，但商业配套和就业机会更多仍依靠望京CBD。未来京密高架路二期还可能连接顺义地区甚至怀柔地区，而怀柔科学城也是规划重点。因此，京密高架路在大望京公园设置核心出入口非常有必要。听闻大望京公园周边部分现有业主反对在此设置京密高架出入口，令人费解。这不符合绝大多数人的需求和利益，应该以望京的发展为先，以保障朝阳区内外绝大多数人的利益为先。况且，开设新的出入口也将为整体望京内部居民出入望京地区提供便利。京密快速路在大望京公园的出入口无论其交通意义、商业价值都非常关键，一旦缺失未来数年都难以再次改造升级。因此，还有望领导们谨慎评估，请务必保留京密高架路的大望京公园的出入口。
106,15652625,朝阳区委书记文献,关于康静里老旧小区规划问题,建言,城建,已办理,2022-08-06 13:21:32,"您好：
   东坝康静里小区是30年的老旧小区，请问对于此小区，有没有腾退等规划？另外没有腾退规划的话，有没有加装电梯的计划，高层老年人出行太不方便。"
107,15649060,朝阳区委书记文献,老旧小区改造,建言,城建,已办理,2022-08-05 22:33:55,朝外街道三丰里社区20号楼建于上世纪70年代，建筑年代早，基础设施陈旧，地下管道及线路老化严重，抗震标准不足，缺乏保温层等设施。 在全市开展老旧小区改造工作的背景下，三丰里社区其他楼栋在近两年相继开展并完成改造工程，但唯独20号楼一直未开展改造，与周边楼栋格格不入，老旧楼房居民生活环境难以保障，建议尽快启动老旧小区改造。
108,15647434,朝阳区委书记文献,安排考试或退费,建言,教育,已办理,2022-08-05 18:16:56,2021年1月份本人在网上联系到北京元x优视教育科技有限公司旗下的老师报考健康管理师，花了2080元，说能安排正常考试，报完名在职麦网app里看直播学习了几次后就联系不到人了，至今也没有安排过考试。
109,15640621,朝阳区委书记文献,退费问题,建言,教育,已办理,2022-08-04 23:45:31,我是湖南株洲茶陵人，我家宝宝才一个月，今年7月份我在小步带课老师的诱导下买了0-3岁的早教课，费用3832元，我是用花呗付款的，后来我的花呗超额了，我就想退课，结果小步的客服告知要等到明年5月，也就是要等一年时间才能退费给我，当初买课的时候说可以随时退款，现在要退费客服却说可以随时退费，但是费用由公司决定什么时候退钱，并且软件显示课程已经退费，但是费用却要一年才能退回，简直就是霸王条款，严重损害了消费者的权益，小步没有信誉可言，请领导帮帮我，我一个人在家带孩子，没有收入，还要养孩子，花费很大，实在没有办法。
110,15638542,朝阳区委书记文献,投诉北京高教云信息技术有限公司，要求退款,建言,教育,已办理,2022-08-04 18:15:57,该公司人员的在我报名之初，承诺后期可退费后，我便缴纳4480元报名费（未签署合同），后该公司人员并未提供承诺的服务，并告诉我服务需另收费，在此之后我在网上查证该机构存在欺骗消费者，并涉及多起投诉纠纷，便要求申请退款。该公司在未与我签署合同的情况下，无合理理由扣除70%的费用。我希望能够责令其全额退款。
111,15632883,朝阳区委书记文献,退费求助,建言,教育,已办理,2022-08-04 08:37:39,尊敬的领导您好，本人与2020年7月份报名中*网校消防工程师钻石班学费6780元，先交了定金1000元，又交了尾款5780元。八月份老师说考试要改革限制专业建议现在报名之后不考也不影响后期考试，于是又缴纳报考费1800元，前后共计:8580元，报名后本人尚未参加过一次考试，学习课程也是刚报名的时候看了一点，后台都是可以看到的，现在联系校方说未考试不予退款，这毕竟也快一万元了，也是我辛辛苦苦挣得钱，毕竟不是一个小数目，实在没办法了，请求领导帮助。
112,15627664,朝阳区委书记文献,大屯路风林绿洲段违章停车占道严重,建言,治安,已办理,2022-08-03 15:31:51,大屯路风林绿洲段违章停车占道严重，晚5至6点间本路段非机动车道几乎全部被占，请问执法人员看不到吗，随意占用车道合理吗，多次反应也没有效果。希望执法人员以结果为导向，还路于民
113,15618892,朝阳区委书记文献,朝阳区八里庄西里拆迁何时有消息,建言,城建,已办理,2022-08-02 15:43:07,京棉宿舍区分三期进行拆迁重建，前两期的拆迁工作早在多年前就已经完成，我们日夜期盼着第三期拆迁的到来，十几年过去了，前两期得到安置的居民早已过上了安逸的幸福生活，2019年第三期也入住调查，又过了3年没有消息了，京棉集团新公司也成立了，小区里车棚改成家政公司，以前废弃的地方变成餐饮公司，这社区改善居住环境目前得到改善反而变成商业地方了。
114,15614408,朝阳区委书记文献,慈云寺桥下无信号,建言,城建,已办理,2022-08-02 09:07:12,慈云寺桥西南侧市容破乱，脏乱差，没有维护也没有管理。进东区国际小区只有一条单行车道，道路口不设立牌子，桥下铁道旁又没信号，车辆经常就错过。既然道路设置了单行，是否应该考虑车辆如何辨别小区入口呢？
115,15613387,朝阳区委书记文献,祈东家园西门的北侧道路下雨积水，无人修缮,建言,城建,已办理,2022-08-02 06:37:02,每次下雨都会积水，水深最多有30cm，反映了多次根本没人理，只会说会处理，从来不修，给出行带来了很大麻烦。
116,15607630,朝阳区委书记文献,酒仙桥拆迁问题,建言,城建,已办理,2022-08-01 15:00:19,酒仙桥拆迁为什么把十二街坊排除在外，十二街坊平房区人员密度大，居住环境差，很多居民私自圈地存在大量的违建。前些年着火消防车都没法进去，一旦发生灾情非常危险。单元楼房屋同样是70年代的老楼，加上很多1层都存在拆墙违建的情况，极力建议整改或纳入拆迁范围。
117,15605880,朝阳区委书记文献,学员,建言,教育,已办理,2022-08-01 12:06:44,本人以及众多同学3月分在抖音看到报考学历 填写资料后 有自称招生老师打电话以及添加微信 告知可以报考全日制大专入学就读或挂读 本人已缴纳16800元 以及四名同学缴纳上万元 告知6月份参加考试 七月份给录取通知书 到现在八月份还未参加考试 以及招生的老师在收钱后不久全部离职 每一位老师都是 并且需要我们提供身份证原件和户口本原件 这涉及家庭隐私  打电话以及发微信一拖再拖真是不回复 请问为什么没有人管呢 现在要求退钱还需要扣违约金以及咨询费 高达上千元。
118,15598600,朝阳区委书记文献,退费,建言,企业,已办理,2022-07-31 15:21:01,家政企业**已无法使用，本人有462元未使用，现在联系不上公司。请相关部门督促**尽快退费并提供该公司联系方式。
119,15598510,朝阳区委书记文献,自空间路坑洼无路灯问题,建言,城建,已办理,2022-07-31 15:08:32,上次反映这个问题也有一个月了，工作人员多次与我联系。但这条路坑洼问题，道路无路灯问题依然没有解决！打工人加班到半夜已经很不容易了，晚上从这条路走伸手不见五指，地上还有这么多坑，极容易发生安全问题！望尽快解决！另外，不要再给我打电话联系了，我每天从这过能看到路面修没修，打那么多电话依然不修有什么意义？解决问题比打那么多电话更重要！
120,15590955,朝阳区委书记文献,老旧小区改造周末施工扰民,建言,城建,已办理,2022-07-30 15:35:02,中纺里社区老旧小区改造，周末施工不断，尤其是涉及到楼体及周围，以及入户的改造项目，周末期间也不停，严重影响居民正常休息。请求项目施工队停止周末扰民。
121,15584227,朝阳区委书记文献,建议打通北五环辅路断头路,建言,城建,已办理,2022-07-29 16:34:47,"      从林萃桥由西向东沿北五环辅路走，行人和非机动车只能达到奥林西路，无法越过奥林西路达到仰山桥。周边居民以及路过的非机动车和行人需要绕路5公里左右。导致很多不愿绕路的人走北五环辅路的另一侧逆行，存在较大的交通安全隐患。

      希望开辟一条非机动车和行人能够越过奥林西桥的道路。"
122,15582090,朝阳区委书记文献,北京朝阳区平房乡姚家园村拆迁问题,建言,城建,已办理,2022-07-29 11:53:03,姚家园村拆迁已经从18年开始拆了一大片了 但是姚家园村1号院就是不拆（挨着朝阳水务局）水务局的人说价格没谈好 所以水务局没拆 这两天我看还开始加固了 水务局不拆 1号院也不拆？到现在 始终没有拆迁信息 周围的平房都拆了一个遍 唯独1号院还孤零零留在那里 据听说该院不属于平房乡管理 我想了解一下这个房到底谁管 这个房已经算是危房了 近期有没有腾退计划 政府部门对这块地有没有规划 
123,15578429,朝阳区委书记文献,慧忠里小区脏乱差,建言,城建,已办理,2022-07-28 23:04:24,朝阳区慧忠里小区C区入口处环境脏乱差，堆放大量僵尸车和占车位的三轮车，305号楼 307号楼前存在多处堆放垃圾和废品的情况
124,15562970,朝阳区委书记文献,举报违规隔断出租屋,建言,城建,已办理,2022-07-27 14:20:47,领导您好！朝阳区六里屯街道晨光家园B区327号楼2单元16**违规打隔断进行出租，时常半夜发出噪音影响邻里，烦请彻查督促整改！
125,15560898,朝阳区委书记文献,对于新能源汽车的限购应该取消,建言,交通,已办理,2022-07-27 10:54:59,"1、国家发改委与国务院多次发文件要求，各地不得对新能源汽车进行限购，限行，已经实行的应当取消，为什么全国只有北京仍然限购新能源小汽车呢？
2、放开新能源小汽车的限购也可以刺激消费，增加纳税
3、即使放开限购也要具备摇号条件，这样可以缓解压力"
126,15552958,朝阳区委书记文献,建议朝阳区地下健身场所恢复营业,建言,文娱,已办理,2022-07-26 14:45:28,自4月底北京疫情以来，朝阳区地下健身房就一直处于停业状态，至今已经将近3个月；地上的健身房都已经恢复营业，北京市内的公园、博物馆、补习班、课外班全部都已经正常营业，惟有地下健身房迟迟不能开放，严重影响我们的正常生活。恳请尽快开放地下健身房，响应全民健身的号召。
127,15551223,朝阳区委书记文献,太阳宫乡牛王庙村委会账目不公开,建言,三农,已办理,2022-07-26 11:35:22,太阳宫牛王庙村委会书记亲自说有2.5亿，可是银行账目从来不公开，对好多村民说，爱去哪里告就告去，开会有录音作证和人证；买集体财产从来不贴告示，比如城宝饭店等等…；村民代表大会成员都是内定，请领导走访村民核实。村里农民没有得到政策好处，村子集体财产流失不成正比，希望有关领导关注，谢谢！
128,15484872,朝阳区委书记文献,影响居民出行，物业居委会不作为,建言,政务,已办理,2022-07-19 12:32:09,区委书记您好！我所在小区朝阳南湖东园二区东门由于之前疫情原因关闭。现疫情好转全员复工，小区东门仍旧关闭。严重影响居民出行。老人孩子出入需要绕行2公里才能步行至地铁或公交车站，对居民影响极大。小区居民多次反映至居委会物业及街道办事处仍无结果。烦请区委领导体察民意顺遂民心予以解决开放东门还居民便利。谢谢区政府。#人民建议#
129,15472995,朝阳区委书记文献,关于孙河地区商业设施不足问题的解决建议,建言,城建,已办理,2022-07-18 13:18:06,"尊敬的领导：

朝阳孙河地区目前已经有八九个成规模小区入住，居民数千人，但是孙河组团规划的商业设施无一兑现，目前整个组团甚至连个便利店都有没有。基于目前的情况，建议如下：
1实质性的推进组团商业开发，如果大型商业开发由于开发商资金或其他问题短期无法解决，建议推出一些小型的地块进行招标，降低投资难度，先满足老百姓的基础商业需求。
2目前孙河组团已有部分公共设施建好，比如龙湖二期附件有党群的办公楼，目前尚无人使用，建议区里协调先将闲置房屋出租给商业用途，以便满足居民基本生活，待后期大型商业建好以后再归还。

上述事宜孙河地区办事处多次协调但是没有任何进展，建议区里领导重视并指导工作，单靠地区办事处目前没有办法解决上述事宜。

谢谢！

"
130,15461897,朝阳区委书记文献,公园广场舞噪音扰民问题望引起重视,建言,环保,已办理,2022-07-17 10:42:20,我家住公园旁边，公园面积小，紧靠居民楼，每天园内大合唱的、奏乐器唱戏的、跳广场舞的、唱卡拉OK的音响，声音很大，在家听得很清楚，多次打12345、跟街道办反馈、报警，都没效果，噪音扰民问题仍然未解决，得不到相关部门的重视，扰民问题严重影响周边居民生活，建议各级各部门领导重视这个问题，加强解决力度，“根治”扰民问题。#人民建议#
131,15460894,朝阳区委书记文献,就医环境有点乱,建言,医疗,已办理,2022-07-17 08:48:15,领导，东坝第二社区医院别的诊室都是一对一，看完一个再进去一个。周日杨一玖大夫的诊室，十多个叔叔阿姨在房间等着，想看点隐私病，太难为情，能否一个一个进去看，这么多人一点隐私没有，太混乱了，只能不看了，还有他的号是按早去早看还是按号排队，我看有的六十多号都看完了，又在看9号，都是叔叔阿姨，年轻人也不可能去挤
132,15451789,朝阳区委书记文献,小区人防为何不能有效利用,建言,城建,已办理,2022-07-16 08:27:14,"我们是望京街道朝庭公寓小区，我们地下室一层二层均为人防，和小区停车场分开，设计的非常好用。之前人防有房间为乒乓球活动室、舞蹈室等方便居民，这几年却取消了。
看到花家地有小区就将人防部分利用起来做阅览室，乒乓球室等。为何我小区浪费这么一大片面积？看到是人防部门在房间贴了封条，街道社区和人防部门可否同物业一起将地下室设置为活动室、储藏、阅览等空间，供居民使用。
目前地下通道均为开通状态，去停车场可穿行，如果装修并开房两侧房间合理利用，因地下面积很大，会有效提升居民幸福感。"
133,15366273,朝阳区委书记文献,未经协商取消我交了16年固定停车位费的车位,建言,城建,已办理,2022-07-08 11:14:09,"1、我是朝阳区华严北里中科院小区居民，从2005年至今，我交了16年小区合法固定车位费，7月1日起物业单方宣布取消固定车位，请问：未经任何业主委员会审核，未经交了16年固定停车位费用的业主同意，单方面取消固定车位，是否违反基本组织程序？正常地 组织程序是什么，有没有法规法条，请明示！

2、应该说，近年来小区物业采取了一系列措施，拓展增加了很多车位，尽管车位仍然紧张，但是新增的车位都是非固定车位，体现了老人老办法新人新办法原则。而且，近几年来，固定车位也统一取消了地锁，尤其是白天一些非业主车辆可以停在别人固定车位上，只要留一个电话及时挪来就可以，我们作为固定车位业主也表示了理解，甚至有的车占了我们的固定车位，我们却无法联系到车主，有时候也被迫挪到其他地方停车。但是这些天，我们很多固定车位业主在一起讨论的时候，都表示了愤慨，都认为物业此次做法忍无可忍！

对于人民群众普遍关心的问题，管理的正常逻辑一般都是老人老办法，新人新办法。要求老人老办法，新人新办法，物业对于多年来缴纳固定停车位的业主，要有一个积极稳妥交待，物业管理不能简单粗暴，请区委书记为老百姓做主，谢谢。

"
134,15356808,朝阳区委书记文献,义务教育转学难,建言,城建,已办理,2022-07-07 14:35:45,"书记：
  您好，朝阳社保一方条件完全符合小学转学规定，仅因在北京其他区交社保的另一监护人在朝阳区的居住证未满足文件要求的连续满6个月的规定，导致孩子无法转学，请协调帮助解决，急盼传达领导，请为民解忧！！！谢谢。
  此情况解决的方式可通过办理离婚解决，但是新婚姻法又有30天的冷静期，转学时间又较紧促，无法及时办理出离婚证。"
135,15356443,朝阳区委书记文献,疫情管控期间，写字楼的停车费延期或退款,建言,治安,已办理,2022-07-07 14:05:24,"本人在朝阳区华腾世纪总部公园上班，每天开车出行，在物业办理包季度停车费，500/月。2022年4月底刚续费，5月朝阳区疫情管控，应政府号召居家办公。5月整月居家办公，同时6月13日-19日园区又因为疫情，管控居家办公。车辆未停在园区，和物业协商延期或退款，物业不予支持。
诉求：疫情管控期间，车未停在园区，物业未履行相关职责职责。建议不收取相关费用，延期或退费。"
136,15330458,朝阳区委书记文献,将府公园地下通道,建言,交通,已办理,2022-07-05 15:55:24,就这个地下通道怎么设计的，又长又深，没有行人和自行车走的道。自行车登不上去，上岁数的人上去跟爬楼一样。希望尽快整改。方便百姓出行。
137,15324100,朝阳区委书记文献,公示幼升小派位逻辑和摇号信息,建言,教育,已办理,2022-07-05 08:19:54,领导您好。我居住在朝阳区嘉铭园小区，孩子今年（2022）幼升小。片区对应陈经纶嘉铭小学，志愿填报包含三个校区，分别是安园校区，东校区，教辅中心校区。根据要求，学校排位须在有人大代表、政协委员、教师代表、家长代表及朝阳区公证处的监督下以随机派位方式进行统筹分配，派位结果经过公证处公证后产生法律效力，不能随意更改。我的请求是：能否在不泄漏公民隐私的情况下公示一下派位逻辑和摇号信息，让整个过程更加公开、透明。谢谢！
138,15309656,朝阳区委书记文献,泰福苑不允许外卖进门,建言,治安,已办理,2022-07-04 00:19:38,在北京无新增的情况下，泰福苑小区不允许外卖进小区，小区很大，不进外卖严重影响个人生活，很难抽出时间去拿外卖吃饭
139,15298317,朝阳区委书记文献,请将幼儿园用地归还教育用途,建言,教育,已办理,2022-07-02 19:57:58,十八里店君堂好园小区6号楼原本规划为幼儿园，2006年左右即建成，但一直没有办幼儿园，而是被社区占用作为办公用房。君堂好园居民孩子上幼儿园要到十几公里以外的襄阳幼儿园，经过老君堂村道路封锁只让本村人过，非常不方便，而且封闭了与世豪花园之间的小门，买菜送孩子绕行几公里远，两个小区居民都怨声载道。请社区腾地方恢复办理幼儿园，方便小区居民孩子上幼儿园。
140,15294899,朝阳区委书记文献,健康宝和核酸采样建议,建言,医疗,已办理,2022-07-02 13:08:28,"您好，

我是上个月从深圳来京实习的学生，在北京的这段时间，我发现常态化核酸相比深圳有一些不便之处。

1. 健康宝显示天数而不是小时（24/48等），这样导致虽然要求72小时，但是实际上市民需要维持48小时核酸，尤其是7月2号健康宝升级后，这一点更为明显。并且系统中只能看到已出结果的核酸记录，无法查询检测记录。

2. 核酸采样点使用身份证识别登记信息，ocr识别易出错，效率较低，且居民需要随身携带身份证较为不便，允许报身份证号码又有可能出现代测的情况且输入号码需要时间。是否有可能借鉴深圳的经验开发使用核酸二维码的方式，提高核酸效率且更为便民呢？

谢谢！"
141,15252624,朝阳区委书记文献,电影博物馆增设地铁站点,建言,交通,已办理,2022-06-28 21:39:07,"北京朝阳区崔各庄乡南皋地区有众多国家级别的中国电影博物馆、中国铁道博物馆、塑三文化创意园区、黑桥公园等宝贵的文创、文旅资源。然而，该区域严重缺乏路网建设，与外界割裂，自驾进出困难，公共交通不畅是民众不愿意前往的重要原因之一。

首先，请问领导可否推进北京地铁32号线建设，并增加电影博物馆站点，以绿色出行方式带动这些场馆的发展，吸引更多京内及京外旅客便捷前往，并为两座博物馆及创意园区带来更多经济效益和关注度，促进发展文化事业和文化产业。

其次，京密高架的规划备受期待，然而中国电影博物馆所在的南皋区域竟然又被排除在规划之外---京密高架路东一侧未规划通往该片区的出口和入口。这将会使中国电影博物馆、中国铁道博物馆、塑三文化创意园区、黑桥公园的远期客流量成为无解之题，严重制约场馆的发展。

最后，地铁32号线和京密高架南皋出入口不仅能解决场馆客流问题，还能解决场馆周边区域居民出行极其困难的问题：区域周边预期24-25年会引入超过万人入住，除此之外还有电子城北区大量的高级人才租赁房，然而从该区域无论是驱车前往望京地区还是来广营地区都极度痛苦不便：道路狭窄、拥堵、绕行、机动车与非机动车道混用、穿行。"
142,15252608,朝阳区委书记文献,崔各庄南皋村引进优质九年制中小学,建言,教育,已办理,2022-06-28 21:37:47,"南皋北皋地区是近两年朝阳土拍的重头戏，这些地块预期24-25年会引入超过万人入住，加之周边地块未来承载的人才租赁房，居住于此的父母大多数都属于周边企事业单位的高知人群，对子女教育非常重视。
学区均衡是当前的政策方向，黑桥村、南皋村L03地块因此非常有必要引入一所高质量的学校，不要让购房居住于此的家长们几年后不得不卖房去东西海买学区房。若学校质量太差，显然无法阻拦这种趋势，这将与学区均衡的大方针相违背。况且哪个家庭也不想折腾，都想长久安家于此。
另外，崔各庄乡黑桥村、南皋村地块的居民绝大多数还是希望子女接受公立学校教育，这与孙河等地区的较高的国际学校选择比例情况不同。因此，L03地块的优质九年一贯学校非常有必要和需求。"
143,15252583,朝阳区委书记文献,崔各庄南皋村道路优化建议,建言,城建,已办理,2022-06-28 21:36:07,"京密高架是解决沿途百姓出行困难的重要工程，但其在东北铁路环线段的出入口设置非常不合理！为什么唯一的出入口都仅仅设置在京密高架西侧也就是东辛店出口？而为何不在京密高架东侧的南皋北皋居住密集区开设出入口？
南皋北皋地区是近两年朝阳土拍的重头戏，24-25年会引入超过万人入住，加上当前周边已有小区、大量职工宿舍住宅、村镇住宅，以及未来南皋地块的人才租赁房，这些常住人口的工作和生活区域大多集中在望京和周边，对京密高架的依赖程度极高！而京密高架西侧几乎没有人口居住，要求重新评估并追加京密高架东侧的南皋出入口。没有出入口，开发商未来拿地信心何在，没路没地铁谁会在这里买房？
显然，基于南皋的高人口基数和对自驾的依赖程度，绕道东辛店出口上下高架并不可取，势必会引发严重的交通拥堵，出入口的设计更应该照顾绝大多数人的使用需求。
另外，中国电影博物馆、铁道博物馆助力、塑三文化创意园区、黑桥公园开设至今因为交通问题客流量极其受限，而在南皋一侧开设出入口，将能使这一缺陷大大改善。
北京现有的一些道路和高速出口设计非常不合理至今引人诟病，但为时已晚。趁着京密高架尚未施工至此，避免未来可见的不便和拥堵，还有可优。"
144,15249453,朝阳区委书记文献,朝阳区崔各庄乡黑桥村南皋村L03地块教育规划,建言,教育,已办理,2022-06-28 17:00:52,"南皋北皋地区是近两年朝阳土拍的重头戏，这些地块预期24-25年会引入超过万人入住，加之周边地块未来承载的人才租赁房，居住于此的父母大多数都属于周边企事业单位的高知人群，对子女教育非常重视。
学区均衡是当前的政策方向，黑桥村、南皋村L03地块因此非常有必要引入一所高质量的学校，不要让购房居住于此的家长们几年后不得不卖房去东西海买学区房。若学校质量太差，显然无法阻拦这种趋势，这将与学区均衡的大方针相违背。况且哪个家庭也不想折腾，都想长久安家于此。
另外，崔各庄乡黑桥村、南皋村地块的居民绝大多数还是希望子女接受公立学校教育，这与孙河等地区的较高的国际学校选择比例情况不同。因此，L03地块的优质九年一贯学校非常有必要和需求。
"
145,15247034,朝阳区委书记文献,请求规划京密快速路工程建设隔音降噪措施,建言,交通,已办理,2022-06-28 14:38:04,"领导您好，近日看到朝阳区交通委规划建设京密快速路，太阳宫北街-望京-机场南线，我是望京蓝色家园小区业主，
小区坐落于望京大熊猫地标，紧邻京密路和机场高速，长期受到两条主干线的道路车流胎噪噪音污染，开窗分贝高达70分贝；现在担心，京密路升级成精密快速路后，车速进一步提升，噪音将进一步提升，24小时通行的货运卡车所产生的道路震动，低频噪音非常明显，请求朝阳区政府领导，考虑居民的生活环境和生态文明建设，在发展道路交通的同时，考虑增加完善的隔音降噪设施，把噪音污染对沿线居民的长期伤害，降到最低，期待领导的回复与帮助！#人民建议#"
146,15230601,朝阳区委书记文献,东风北桥附近经常有行人横穿栏杆,建言,城建,已办理,2022-06-27 10:40:00,"领导您好：
      在早晚高峰经过酒仙桥南路与东风北桥交叉口时，在酒仙桥南路靠近东风北桥路段，发现经常有行人横穿马路跨越栏杆，旁边十几米就是斑马线，但是因为栏杆太矮只有半米左右，所以出现了斑马线没人走，行人成群结队跨越栏杆过马路的现象，来往车辆很多 特别危险。建议：换装正常高度一米左右的栏杆，防止行人横穿马路跨越栏杆造成不必要的交通风险。"
147,15228933,朝阳区委书记文献,婴儿打疫苗抢不到号,建言,医疗,已办理,2022-06-27 08:47:43,"       敬爱的书记，您好！
       我家小孩儿现在已经两个多月了，但是户口所在地（建外街道社区卫生服务中心）疫苗门诊暂未接诊，居住地（垡头街道社区卫生服务中心）疫苗接种需预约挂号，但每天只有上午有号，还需抢号才能预约到，但抢号十分困难，堪比协和等大医院，这何以解决社区主要卫生问题、满足基本卫生服务需求？何来以人为本、持续发展？
       能否建议卫生服务中心保健科适当多加一些号源；或像产检一样，医生直接预约下一次的号；或可以给我们一些抢号的建议，可以提高成功率，以满足群众的健康基本需求。
       十分感谢！"
148,15215307,朝阳区委书记文献,朝阳区何时出汽车消费券,建言,金融,已办理,2022-06-25 17:30:43,领导好：看到昌平区在2022年3月10日推出第一季汽车消费券的活动，现在6月23日开始推出第二季购车消费券，平谷区、大兴区均也有相关的购车补贴；本人今年新能源指标下来，购买汽车的企业为朝阳区，问下朝阳区什么时候有这样的活动，如果有怎么参加领取？
149,15211942,朝阳区委书记文献,扩宽马泉营西路下穿机场高速的桥洞,建言,城建,已办理,2022-06-25 10:47:17,这里常年拥堵，建议扩宽马泉营西路下穿机场高速的桥洞
150,15211886,朝阳区委书记文献,南皋路与容和路联通,建言,城建,已办理,2022-06-25 10:42:42,为解决崔各庄南皋地区交通问题，建议南皋路与容和路进行联通
151,15206926,朝阳区委书记文献,幼儿园暑假能开园,建言,教育,已办理,2022-06-24 20:00:34,希望朝阳区幼儿园暑假能正常开园，在过去两三个月的疫情期间，幼儿都待在家里不能上网课，牵扯了家庭成员太多的精力，不堪重负，希望幼儿园暑假能正常开园，相当于调换了一下时间，现在幼儿园内各方面设施也很好，疫情期间不出京，对于幼儿来说无所谓暑假不暑假。
152,15200715,朝阳区委书记文献,停车费,建言,城建,已办理,2022-06-24 10:51:29,领导您好 我所居住的小区朝阳门南大街16号楼由于2022年6月12日出现了确诊被封控 致使车辆一直被迫停放于秀水西街路边停车位上无法挪动 期间非本人意愿和不可抗因素所产生2547元的高额停车费 每日将近200元的费用 实在超出承受范围 我尝试与多部门联系也一直无法得到解决 望领导能体谅工薪阶层人员的困难 谢谢！
153,15164818,朝阳区委书记文献,17号线清河营站在清河营中街附近留出站口,建言,交通,已办理,2022-06-21 13:42:49,书记您好！我在网上找了半天也没有关于17号线清河营站出入口的消息，我想建议在清河营中街和北苑东路交叉西北口预留一个出入口，因为这附近居住着大量人群，福熙大道，华贸城国际城好多社区的人。如果只在水岸南街设出入口的话，我们坐地铁的话要走穿越北苑东路，北苑东路早晚机车党特别多，不适合老人孩子穿行，望文书记给予支持！谢谢！
154,15116059,朝阳区委书记文献,建议朝阳区成建制企业配备专业国家心理咨询师,建言,企业,已办理,2022-06-16 23:02:07,"一是朝阳区高新技术企业居多，同时一大部分企业总部在朝阳区。
二是企业职工心理诉求无法有效疏解，不仅影响职工个人心理健康，同时影响企业生产运营，间接影响社会稳定。
三是朝阳区可以率先在全国打造健康企业，建议朝阳区各企业配备心理咨询平台，同时配备国家级专业心理咨询师，提高区内企业间职工有效诉求可以正常疏导。
四是专业国家级心理咨询师的配备更是对人员心理健康疏导有着重要意义，提高社会整体稳定。"
155,15116005,朝阳区委书记文献,"望京东地铁站B出站口,道路狭窄问题",建言,城建,已办理,2022-06-16 22:57:10,"领导好, 望京东地铁站每天人流量很大,特别是早晚高峰的时候.很多人从望京东B出站口出站,但是出站口的通道本身就狭窄,现在市政在路边又归划了停放自行车的地方. 而道路的另一侧又被金汇大厦的物业围起来种上了草. 使原本就不宽敞的道路,显得更加拥挤,目前只剩下一米左右的过道了,明显感觉跟这个人流大站不匹配. 建议政府能沟通处理一下,把边上的花坛绿化去掉,改成道路.方便出行. "
156,15095651,朝阳区委书记文献,建议孩子网课期间禁止装修,建言,城建,已办理,2022-06-15 12:26:49,我家呼家楼向军北里小区，由于近期工体西路地区造成疫情回弹，孩子不能及时到校，仍然要居家网课，建议孩子正常到校前的网课期间禁止装修，谢谢。
157,15092558,朝阳区委书记文献,望京南地铁站换乘和直通商业规划,建言,交通,已办理,2022-06-15 08:36:09,"1.望京南地铁站a出口现在望京新世界门口，考虑到增加望京商圈的联通和便利性，可否像其他商圈一样将地铁出口延伸至望京新世界地下和万科时代中心地下，让商圈和轨道交通串联起来，更方便人购物、餐饮娱乐。参考西单、国贸、金地中心、颐堤港等，望京缺少商业与地铁相连的设计。
2.望京南地铁站与首都机场快轨换乘想了解进展，建议可否加速推进？目前看到机场快轨经常大部分空载运营。"
158,15067611,朝阳区委书记文献,建议增加朝阳区来广营桥西公交站旁人行道的建议,建言,交通,已办理,2022-06-13 09:48:00,领导好，4月12日建议增加朝阳区来广营桥东至来广营桥西方向 来广营桥西公交站台旁增加人行道，公交站来广营桥西有多路公交车，966路，621路，530路，628路，415路等，下公交车人员都是横穿马路，非常危险，建议增加人行道或增加红绿灯。当时反应后朝阳区交通支队反馈已派出警力进行现场勘察，将根据现场情况申报增设人行道需求，待上级部门审批后实施，至今2个多月过去了，来广营桥西公交站附近没有增设人行道，不知道是什么情况。
159,15039267,朝阳区委书记文献,整治教育诱导消费问题,建言,教育,已办理,2022-06-10 12:59:43,北京嗨学网销售，冒充老师。利用我们尊师重道传统美德，欺诈莘莘学子。诱导购买高价课程，虚假宣传，被央视315晚会点名后仍不收手。课程售卖价格远高于同等课程20倍之多，教学质量极差。企业教育培训诉讼高达500多件，退费极难。该近期公司竟不思进取，提高教学质量，新进优秀教师，而妄图通过类似传销般销售课程方式，通过与小额贷款公司联合，制作合法平台，套路学子贷款，可想而知，广大学子边工作，边学习，希冀多为国家做些贡献，却背上高额贷款。望领导百忙之中，予以关注。
160,15033822,朝阳区委书记文献,慧新西街北口一处希望安装红绿灯,建言,交通,已办理,2022-06-09 23:41:50,慧新西街北口，出地铁A口往北过马路时，需要先过1/4马路，再穿过地下过街通道，之后再穿过1/4马路。但这最后的1/4马路，有10米多宽，同时允许两排汽车驶过。上下班时间，有很多人需要横穿这1/4马路，同时也有很多车量经过这条马路。虽然有人行横道，但过往车辆较多，且车速很快，使得行人想穿过这条马路就很危险。因为大家都赶时间，常能看到司机与行人抢着通过的情况，就导致行人想保证自己安全的情况下穿过这条马路是一件很困难的事情。有时一些“勇敢的人”也会冒险将快速来往的车辆逼停，看起来着实危险。希望政府实地考察，并在这里设置红绿灯，或者加一个限速15km以下的设置，保障行人过马路的生命安全。
161,15027474,朝阳区委书记文献,建议曾祖父母房产纳入朝阳区入学,建言,教育,已办理,2022-06-09 14:35:43,"您好，本人居住在朝阳区芍药居社区，是上学适龄孩子的母亲，已在芍药居落户20年，户口本房主为孩子姥爷，房本是孩子曾外祖父。芍药居目前属于单校划片。
通过教委了解，朝阳区对于房屋产权可上学的排位，仅认可父母房或四老房（即一代和二代）。而房本是曾祖父母/曾外祖父母的要按照“租房的”处理。
曾祖父母/曾外祖父母在法律上属于三代直系亲属，而孩子在自己家居住却按租房处理让人无法认可！
我了解到东城区曾祖父母的房产是列入入学序列中的，希望朝阳区的入学政策能参考。曾祖父母房产的情况虽然可能很少，但也希望教委能够认可并重视！

非常感谢并期待能够解决推进。"
162,15017359,朝阳区委书记文献,建议开放小区大门,建言,城建,已办理,2022-06-08 19:07:17,尊敬的领导您好：我是慧忠北里第二社区的居民，疫情以来整个小区只开放两个门，我们社区也比较大，建议多开放几个门，希望领导解决此问题，谢谢
163,15011153,朝阳区委书记文献,网络版微型营业执照，方便灵活就业,建言,就业,已办理,2022-06-08 11:05:24,1.建立一个网络版临时微型营业执照申请平台。个人可以通过填写提交个人信息，申领网络版微型营业执照，该执照可以是二维码形式，方便查验；2.申领执照后，个人可以按照自选或规定的时间、地点、方式，摆摊经营；3.可以考虑将收款码与税务部门打通，这样可以解决收税或报税问题；4.此举可以使工商、税务、城管、环卫联动，又可以拉动经济，推动灵活就业。想增添收入的人可以有正规渠道，展现城市包容性，化解不满和焦虑情绪，一举多得。抛砖引玉，希望领导考虑，谢谢！
164,15009322,朝阳区委书记文献,核酸检测报告统一,建言,医疗,已办理,2022-06-08 09:14:19,"建议核酸检测报告全国联网统一
我之前在河北的核酸检测报告可以同步到北京健康宝
为什么在北京的核酸检测报告无法同步到河北健康宝？"
165,15005538,朝阳区委书记文献,建议重新开放因抗疫被占用的运动场所给居民,建言,政务,已办理,2022-06-07 21:17:00,领导您好！我是北京市朝阳区八里庄街道京棉新城小区的居民，居住在京棉新城小区北区128号楼和129号楼所在的院落里。小区里原本有一个露天篮球场，是居民活动的重要场所。前段时间，因为疫情形势严峻，该篮球场被社区征用，作为核酸检测的地点，对此居民十分配合。但如今北京疫情好转，社会面已经清零，该篮球场却仍然长时间被锁住，不允许居民使用，令人难以理解。当前，北京室内的健身运动场所都已经开放，为何室外健身运动场所却迟迟不能开放？希望能尽快开放篮球场，假如再有需要，可再次征用，谢谢！
166,15000604,朝阳区委书记文献,朝阳区东湖街道博泰广场核酸检测点,建言,医疗,已办理,2022-06-07 14:10:42,今日同事三人，中午去朝阳区东湖街道，博泰广场核酸检测，排队人员前面的人员都做完了，但轮到我三位同事时，工作人员拒绝安排检测，并答复12:30结束。说话态度非常不好。同时我们也认为这种操作非常不专业，如果时间管理能否在队尾做人员截止，而不是等到了自己的时候才说不给做。
167,14987107,朝阳区委书记文献,核酸点太少，排队太长,建言,医疗,已办理,2022-06-06 13:21:37,朝阳区慧忠北里第二社区南门门口在川骄海鲜自助餐门口三四个队列核酸点撤走了好几个周了，现在只剩下慧忠北里第二社区眉州东坡马路对面只有一个核酸点位，而且只是上午营业，排队的人非常多，这么高的气温，至少排队一个小时左右，希望增加核酸点
168,14945917,朝阳区委书记文献,是否可延期社保,建言,城建,已办理,2022-06-02 10:57:42,北京朝阳区小微企业，文娱类会展服务，是否可以延期社保和公积金等
169,14936190,朝阳区委书记文献,居住地小区内儿童设施匮乏,建言,教育,已办理,2022-06-01 15:25:48,"作为一个年轻化的成长型社区，社区群众的年龄层结构相对年轻化，所以小区里大大小小的孩子们加起来得有几百个。最近疫情响应号召居家不外出，偶尔在小区活动发现基本上没有孩子们可以玩的游乐设施设备。甚至不少孩子进入小区绿化带挖泥土造成绿植被破坏。
易疏不易堵，希望小区内或者附近一公里内，能有个适合不同年龄层孩子们玩耍和释放过剩精力的“乐园”#人民建议#"
170,14924580,朝阳区委书记文献,人员稠密小区大门外取快递易被偷,建言,治安,已办理,2022-05-31 17:22:05,曙光里小区人员稠密，改小区门外取快递，我的货就被人偷走了，一是无监控，二是在马路边，流动人很多，货架开放，又很高，有倒了砸人隐患和被盗隐患。另外，老小区老人很多，买箱水无法搬上楼很不方便。取件人多交叉传染可能也有。总之，不方便不安全，请领导来此地调查尽快解决为盼！
171,14923282,朝阳区委书记文献,严禁严查“老年代步车”上路非机动车道,建言,交通,已办理,2022-05-31 15:50:16,"本人于5月28日在朝阳北路辅路二道沟河旁由西向东的自行车道路，被一开【老年代步车】的人因路怒3次强行别正常骑自行车的我，最终我被撞倒。
因本人所幸没受伤，且还有要事处理，没有当时报警。但其挑衅且带情绪上路，不让自行车、冲动驾驶不考虑后果的行为，存在害人害己危险驾驶危害社会的危害。

强烈要求政府有关部门加强严控此类车辆上路非机动车道！#人民建议#"
172,14893904,朝阳区委书记文献,来广营北路渣土车乱倒渣土,建言,城建,已办理,2022-05-29 09:45:27,领导，顺白路以南200米，来广营北路人行道上渣土车乱倒很多建筑垃圾，希望有关部门解决。多次发生，影响环境形象
173,14891989,朝阳区委书记文献,石佛营路应重新修理。在路两侧开辟慢车道。,建言,城建,已办理,2022-05-29 02:45:26,石佛营路已经龟裂难行，汽车与慢速车争道。建议除道路重新铺沥青外，在机动车路俩侧开僻新的非机动车路。避免机动车与非机动车混行。
174,14884286,朝阳区委书记文献,求开通去往17号地铁北神树的公交车,建言,交通,已办理,2022-05-28 11:00:03,北京焦化厂公交车站附近居民众多，有燕保祈东家园一二期，未来还有三期，北焦家园，双合双美家园，去年年底感谢政府开通了距离较近的17号线北神树站，但距离此处还有五六公里的距离，希望能考虑开通一趟去往北神树地铁的公交，好方便居民出行，繁荣周边经济
175,14883028,朝阳区委书记文献,北辰绿色家园d区学校建议由朝阳外国语学校承办,建言,教育,已办理,2022-05-28 09:20:42,北辰绿色家园d区学校原规划为小学，目前尚未开工建设。由于本区域已有国音实验小学，但缺乏初中（和平街一中奥运村校区还是与力迈共用校舍，居民选择上的很少）。建议学校性质改为初中，尽早开工建设，由朝阳外国语学校承办，并吸收合并和平街一中奥运村校区，力争打造区域教育高地。
176,14823007,朝阳区委书记文献,小区电子出入证居民隐私问题,建言,治安,已办理,2022-05-23 18:06:00,东湖社区为配合防疫制作电子出入证，初衷良好但所有居民个人信息均未进行打码处理，出入小区以隐私信息到处示人十分不妥。望能进行信息敏感化处理为盼
177,14816790,朝阳区委书记文献,常态化核酸点太少，排队间歇不够，管理人员少,建言,医疗,已办理,2022-05-23 10:37:37,常态化核酸点太少，排队间歇不够，前面一个维持次序人员，后面都看不到维持次序人员，东恒时代点前面密密麻麻排队间隙不够啊
178,14810048,朝阳区委书记文献,疫情防控,建言,医疗,已办理,2022-05-22 17:51:20,"当前疫情严重
建议:
      外卖员、快递员以及各行业的配送员，严禁进入各小区和工业园
      东西放到门口架子上，安排专人进行管理消杀。"
179,14802606,朝阳区委书记文献,建议和请求给街道办事处工作人员充分倒休,建言,政务,已办理,2022-05-21 23:01:27,领导好，街道办事处工作人员长期防疫，街道比社区工作量一点不少，甚至有时承担了更多更大的工作量。一边承担本职工作，一边支援核酸点位和社区封管控区等防疫工作，这波疫情以来连续工作，周末节假日未休息一天，身体透支，迫切需要休息。目前在朝阳区常态化核酸防疫下，对于目前有条件的长期未休息，目前没有疫情的街道，建议和请求给街道办人员及时倒休，间隔轮休，充分合理休息，保障他们身体健康，请区领导督促街道办领导，关心关爱体恤基层下属，请区领导督促落实倒休事宜！谢谢！
180,14729741,朝阳区委书记文献,来广营外国语学校北侧体育公园规划,建言,城建,已办理,2022-05-16 17:16:14,尊敬的领导同志，来广营外国语学校北侧体育公园增加足球场地的规划，哪怕5人制的小场地，方便周边群众和青少年进行健身运动，为中国足球发展做出贡献，谢谢
181,14721271,朝阳区委书记文献,小区大门自动抬杆失灵无人管理,建言,城建,已办理,2022-05-16 11:44:08,"居住小区抬杆安装将近2年仍然没有正常使用，必须人工控制才可以抬起

疫情期间许多民生保障部门需要夜间乃至凌晨出入小区，只能人工控制十分不方便也对物业管理人员造成了不少困扰

因此希望物业公司能尽快将住户车辆信息录入系统，早日将该系统投入使用，谢谢！"
182,14615588,朝阳区委书记文献,摩奇饮料厂东路如何与五环路相接？,建言,交通,已办理,2022-05-11 12:08:10,"尊敬的王书记：
北京市交通委员会要求（2019年要求），应处理好摩奇饮料厂东路与东五环路的节点、摩奇饮料厂东路与草场地南路和锦西路节点的关系，并落实各节点的规划设计方案（京交函[2019]1546号）。
通过前期本平台咨询得知""摩奇饮料厂东路接入五环路立交匝道为规划酒仙桥北路，此处建设主体为北京市公联公司""。此路(摩奇饮料厂东路与酒仙桥北路)是否与五环路相接？如何相接？设计方案没有看到公示。若与五环无相接，建议增加相接方案。"
183,14598174,朝阳区委书记文献,关于高碑店乡再生水厂和华能电厂的建言,建言,城建,已办理,2022-05-10 15:22:07,"尊敬的朝阳区领导，您好，我是高碑店乡半壁店的一位居民。在我们这三个村，坐落了两个巨大的工厂，一个是高碑店再生水厂，处理能力为100万立方米/d，可以说它是全亚洲最大的污水处理厂，从侧面也可以反映出工厂是巨大的。这样一个封闭式的巨大工厂，可以说对于城市道路的修建是起到阻碍作用的，另外，作为一个再生水厂，他是用来处理污水的，污水有很大的臭味，我每次从那里经过都会犯恶心。多亏了”中国水谷“的修建，它作为一道绿隔，为我们阻挡了臭味，所以真的很感谢政府。但是厂区太大了，并没有紧凑的利用起来空间，同时它的地理位置在中心城区，于是我认为它阻碍了城市化的发展，所以我建议将厂区搬迁，或者借鉴丰台区槐房再生水厂将污水处理厂变为全地下污水处理厂，地上作为公园，或者在地上修建道路，开发大型商业，促进消费，丰富居民的生活体验；
另一个是北京与污水处理厂仅有一条广渠路之间隔的华能电厂，华能电厂和高碑店再生水厂一样，巨大的厂区占用了市区庞大的土地资源，之前去过外地的大唐电厂，那里的电厂都是远离居住区的，大多都建在了山沟里面。这样对老百姓的生活也不会有什么影响，然而华能电厂虽然担负北京市10%的供电、70%的供气和30%的集中供热任务，采用液态排渣、飞灰复燃等先进技术，除尘效率99%以上的静电除尘器，使烟尘和二氧化硫排放浓度均优于北京市现行标准。但是作为一个北京市极为重要的电厂，但是由于它体量巨大，又居住区很近，无论怎么减少排放，都会对当地老百姓产生很大影响。
"
184,14584669,朝阳区委书记文献,朝阳路甘露家园小区老旧，用电设施需要改善,建言,城建,已办理,2022-05-09 21:26:01,朝阳路北边甘露家园小区里面有很多老旧电线，有的电线小孩伸手就可以碰到，很不安全，楼龄较老，老旧小区改造只是针对几栋楼，小区内大部分楼没有进行老旧小区改造。周边小区楼龄较新也有电梯，建议整体进行老旧小区改造，拆除院内小平房，改造成车位或文体设施。对未进行老旧小区改造的房屋进行改造。或者整体拆迁安置到宝成雅园等类似的已建成的安置房。
185,14577374,朝阳区委书记文献,地铁13号线北苑站站点建设,建言,城建,已办理,2022-05-09 14:53:55,"近年来，朝阳区来广营地区的建设值得称道。提一个锦上添花的建议！
地铁13号线是一条老线路，给周边居民工作生活带来很多便利。但是不知为何，北苑站前面广场以及从华贸城入站前的小路，甚至连车站西侧清苑路辅路（自东往西段）一直都是破破烂烂，路面坑坑洼洼、磨损太过严重。市政不容易，一直在修修补补，但顶不住人流量大，与周边不断优化的环境相比，这个13号北苑站周边环境感觉格格不入，严重影响大北京大美朝阳的形象。还请书记多关注整改优化，感谢！"
186,14565898,朝阳区委书记文献,就疫情而言,建言,治安,已办理,2022-05-08 21:52:17,"今天新闻发布会提到 全朝阳区人民居家办公 
社区是不是 需要核实一下本小区人员及租房人员 真实工作地点 通过电话核实是不是有此人在公司工作 严格把控 以社区为单位 做好最基层筛查工作 "
187,14563422,朝阳区委书记文献,能否不要关闭朝阳区的正规宠物医院,建言,企业,已办理,2022-05-08 19:21:00,疫情期间需要避免流动聚集可以支持，但请问能否保持朝阳区内低风险区的正规宠物医院正常营业？宠物也是生命，宠物的生命也是民生的一部分。目前的政策已经极好地保障了疫情期间患者的就医权利，但患病的宠物也应同等拥有就医的权利，应该及时得到救治。另一方面，正规宠物医院大多实行预约挂号制，一人一宠一诊室，已经很有效地避免了聚集。请酌情考虑，谢谢！
188,14562977,朝阳区委书记文献,核酸检测 分流,建言,政务,已办理,2022-05-08 18:51:08,小红门地区熙悦安郡小区与四道口村民，混在一起做核酸，部分村民不戴口罩，抽烟，吐痰等，极大增加传播风险。可以分流分时段，既不浪费政府人力，又可以减少疫情传播风险。万望给肖村委员会一些管理方法，帮助肖村村委会提高管理水平，也帮助我们小区，各村减少传播风险。
189,14518308,朝阳区委书记文献,建议疫情期间小区内停止装修（呼家楼北社区）,建言,城建,已办理,2022-05-06 14:54:22,"建议疫情期间小区内停止装修：
1、装修人员流动频繁，存在疫情风险；
2、目前朝阳区全区中小学居家学习，装修噪音严重影响居民生活；
3、目前朝阳区全区提倡居家办公，装修噪音严重影响居家办公；
4、朝阳区疫情防控压力很大，既然政策要求居家办公，流动的装修人员进小区装修是否应该禁止；
5、装修需经过小区物业居委会报备，疫情装修为何能通过报备？"
190,14502295,朝阳区委书记文献,希望北京地铁部分在建线路改名,建言,交通,已办理,2022-05-05 18:04:45,"①3号线""东坝中街站""改名为""东坝站"" 更加简洁且该站站位处于东坝地区
②3号线""平房村站""改名为""平房站"" 更加简洁好听且曾经有过S1线原""上岸村站""改名为""上岸站""的例子,符合历史
③3号线""楼梓庄桥西站""改名为""楼梓庄西站"" 更加简洁且位于""楼梓庄站""西侧
④12号线""东坝北街站""改名为""东坝北站"" 更加简洁且该站位于东坝地区北侧"
191,14501856,朝阳区委书记文献,希望地铁“工人体育场站”改名为“三里屯站”,建言,交通,已办理,2022-05-05 17:41:42,"希望地铁“工人体育场站”改名为“三里屯站”
1.工人体育场站地理位置处于三里屯商圈中心
2.""三里屯""更加简洁"
192,14498645,朝阳区委书记文献,建议,建言,城建,已办理,2022-05-05 15:19:02,目前全家孩子大家都居家工作和学习。但是小区内个人家庭装修依旧不断，持续不断的凿墙和打钻噪音严重影响了工作和学习，希望可以暂停这方面的活动，使居家人员维持正常生活。
193,14494075,朝阳区委书记文献,横街子村开启人脸识别,建言,政务,已办理,2022-05-05 11:32:25,"横街村目前通知要求5.10号起使用人脸识别进入。
当前北京市的疫情处于严峻时期, 特别是朝阳区。大家都在积极的做好个人防护佩戴口罩。
但是现在要求通过人脸识别进入。
1. 大量人群聚集摘掉口罩聚集进行录入人脸识别造成风险。
2. 进入时需要摘到口罩进行人脸识别认证造成风险。
希望领导可以及时处理此问题。
谢谢!"
194,14489136,朝阳区委书记文献,金盏家园施工,建言,环保,已办理,2022-05-05 07:28:52,"金盏家园二区每天晚上准时施工扰民  噪音极大  多次沟通对方仍然半夜施工扰民  该工地距离小区仅20米距离

请领导核实该问题  并督促职能部门解决"
195,14475472,朝阳区委书记文献,双桥路两侧垃圾过多，环境差,建言,城建,已办理,2022-05-03 22:50:06,双桥路两侧每到晚上垃圾横飞，路两侧的小门店口全部都是垃圾，还有桥上的石墩子后面有藏着的垃圾，严重影响市容市貌。建议区政府加强该地区的环保督查治理力度。同时，拆除桥上的石墩子，避免积累垃圾。
196,14475226,朝阳区委书记文献,北京中医医院选址,建言,城建,已办理,2022-05-03 22:29:03,王书记您好，我是朝阳区梧桐港小区一名业主，之前有消息称北京中医医院将落户朝阳豆各庄，在现富力又一城公园处建院区。我们附近居民想提一下建议：医院落户朝阳豆各庄区域是一件好事，但富力又一城公园的位置不合适，太靠近附近三个小区和医院，会对附近居民及学校带来很多不便。之前我们小区业主提交过一些建议书，建议重新考虑选址，建在稍微离生活小区远一点的位置如第二监狱所在位置，建议提交以后一直没有回复消息，麻烦给与充分关注，组织相关部门进行全面讨论考量。谢谢。
197,14452233,朝阳区委书记文献,加快整改首都城市风貌，改善吕家营生活环境,建言,城建,已办理,2022-05-01 23:29:29,"关于“加快整改首都城市风貌，改善吕家营生活环境”的建议：
缘由：
1、现阶段首都四环内仍存在大量老旧村落，断壁残垣横于道路，电线光缆在胡同间接连，严重影响市容；
2、十八里店乡吕家营村的房屋结构非常老旧，大量村民使用煤气罐、电暖风等高风险设备在阴暗潮湿的室内做饭，安全隐患极其突出，居民生活环境极其恶劣，严重影响人民生活质量。

建议：
1、建议领导亲临居民生活区，走访真实的首都北京东南四环，彻底整改环境，营造绿色和谐的首都市容，建议彻查吕家营村拆迁不彻底、拆迁不力的原因，尽快完成老旧村落拆迁及安置工作；
2、建议整改北京市租房状况，大量外地人口以低廉价格租住于老旧村落，居住条件恶劣，人口素质不高，建议严厉打击租用民居进行违法行为，严厉规范老城区租赁市场；
3、建议以上措施在“十四五”期间整改完成，不负人民期望、不负首都之名、不负强国之梦。#人民建议#"
198,14406507,朝阳区委书记文献,建绿地公园,建言,城建,已办理,2022-04-28 21:41:13,慈云寺和四惠周边，一直缺绿地公园，老人孩子没有地方可以去散步和玩耍，希望可以在热力站这边建一所绿地公园，非常感谢！
199,14344083,朝阳区委书记文献,小升初是否能出台一些跨学区的名额？,建言,教育,已办理,2022-04-26 14:02:20,领导您好，进入一个优质学校是非常有必要的。尤其是朝阳区优质小学和初中又比较少，集中在望京，团结湖等学区。像朝阳区其他学区的孩子，能否适当考虑好的学校拿出一部分招生资源开放，让大家有更多享受优质教育资源的机会？目前有一些城市开始了大学区概念。
200,14342481,朝阳区委书记文献,全域核酸检测效果,建言,旅游,已办理,2022-04-26 13:14:28,书记好，鉴于目前疫情，咱们朝阳区昨日开展了核酸首轮检测，但是否是全员检测，实话说不得而知。建议，还是得进行闭环，比如进入办公楼宇，进小区等所有场合均需要有效期内的核酸证明来反向督促大家完成检测，没完成的引导尽快完成，这样才能有效预防和发现。
201,14318978,朝阳区委书记文献,关于中医医院选址的新想法,建言,城建,已办理,2022-04-25 10:43:34,朝阳区规划局负责同志：我先自己介绍一下，我居住在富力又一城B区，是退休后在京居住的人民教师。今年春节期间，在富力公园处进行了建设医院的公示，我作为老年群体感到欢欣鼓舞，并签字拥护建设，虽然当时有邻居提出设置在C区有若干不利因素。但是介于我个人的相关专业素质和文化水平，并未进入深入思考。今年春季的疫情之后，我对医院选址有了崭新的认识，选址在富力C区，的确不利于社区管理，不仅会造成社区传染风险，更会显著增大街道和社区的管理成本，不利于疫情防控的大局，不是一个好的方案。由于公示期已过，我只能在留言板平台和政府进行沟通，我在此撤回之前联合签名中我的签字，对造成的不便我表示极大的歉意，给你们工作添麻烦了。希望疫情能被早日控制。
202,14273730,朝阳区委书记文献,关于将台路,建言,交通,已办理,2022-04-22 11:57:52,"书记，您好！
京密路丽都饭店公交站乘客众多，大约14趟车停靠，乘客从京密路丽都饭店下车前往将台或从将台到该站需两次穿越右转车道，切断车流，或沿着转向车道步行，人车混行，或者干脆高架桥下横穿绿化带。不知有没有可能在转向车道东侧修建人行道方便乘客安全出行，减少右转车辆缓行拥堵。   
将台路北侧丽都饭店公交站公交车和非机动车争道现象比较突出，该站大约十趟公交车停靠，上下车乘客多，道路较窄，电动车自行车密集，早晚高峰经常出现公交车靠站，非机动车和机动车争道，不知能否优化，比如修建自行车后绕式港湾之类方式缓解。
感谢！
"
203,14226345,朝阳区委书记文献,恳请劲松八区老楼加装电梯,建言,城建,已办理,2022-04-19 08:48:12,"书记您好，北京朝阳区劲松二区部分楼已经加装电梯，建议在劲松八区也装电梯，尤其是807号楼，老人年纪高上下楼不方便，感谢感谢。鉴于劲松二区加装电梯后期维护亏损的情况，有个建议。
加装电梯对于小区物业，小区居民房产升值是双赢，加装电梯应该把后期部分运营成本以及房产升值部分算进去，调查问卷，如果楼内绝大部分居民可以接受定价，并接受增加电梯的物业维护费用，则可以安装，谁同意装谁出钱，房产面积增值谁收益，惠企惠民。
感谢感谢。"
204,14173163,朝阳区委书记文献,失能老人驿站无价签，购物贵,建言,三农,已办理,2022-04-16 17:29:45,尊敬的领导您好：家里有失能老人，重病每月补贴600元，这六百元只能在失能老人驿站买东西，但是驿站的东西没有价签，而且整体东西都不超市贵很多，一瓶油超市卖150元，驿站卖180多元，卫生纸超市卖20多，驿站卖30，这只是部分商品的价格，大多数商品都不网购或者超市贵很多，而且必须要老人去签在那里购买的协议，否则这补贴的钱也就用不了，失能老人本来就没有收入来源，生活困难，买东西还希望买到最实惠的，而不是加价购买，起码这六百元能物尽其用，能买到最大优惠的商品是这最关键的，还请各位领导能关注一下这个问题，谢谢
205,14120815,朝阳区委书记文献,支持北京中医医院选址地铁黄厂站,建言,城建,已办理,2022-04-13 17:57:23,"支持北京中医医院选址在地铁黄厂站，看到网上有人反对，我提出以下理由反驳：
1，有人担心交通问题，确实目前这个地区道狭路窄，经常拥堵，但是我们要以发展的眼光看问题，大鲁店北路规划的是和化工路一样的宽度，以这样的尺度来看，对周边小区尤其是梧桐港的影响就小了很多，而且医院项目紧邻地铁可以方便通过地铁就医，疏散市内交通医疗压力，提高地铁使用率。
2，有人担心绿化问题，距离大鲁店北路200米就有一个大的湿地公园，总体绿化率而言，是足够人们需求的，而长期医疗资源的匮乏才是这个区域乃至整个东南五环区域的痛点。
3，有人担心环境问题，其实主要担心医院病人多脏乱差，这个有点本末倒置。不发展的地方才会一直是脏乱差的存在，而正是因为有了三甲医院这些配套路网才可能修建，市容市貌，河流道路才有可能治理的更好，不能以现在的固有印象来否定未来的发展，实属刻舟求剑。
以上想法，希望规划设计人员能酌情考虑，支持者还是周围大部分的人的想法
"
206,14107434,朝阳区委书记文献,京密快速路出入口建议,建言,城建,已办理,2022-04-12 16:25:02,"尊敬的书记您好，前段时间崔各庄南皋村新建社区业主们纷纷建议规划南皋进出京密快速路的出入口，已得到了相关部门的答复：京密快速路将在北小河-马泉营西路之间设置一对进出京密快速路的出入口，在来广营北路-香江北路之间设置一对出入口，崔各庄南皋村居民可通过马泉营西路路口快速进出京密快速路。虽然有点远，总算有了具体方案，非常感谢详细耐心地解答！
由于望京居住状态饱和，不少在望京工作的上班族，尤其是毕业不久的年轻上班族搬到南皋居住，至少有几千户。目前通勤非常困难，要绕到大山子再往望京产业集群方向走，会加重原本拥堵不堪的大山子地区交通压力，未来子女上学老人就医也面临同样的难题。将来京密快速路通车，即便能够向北通过快速路来进入望京，待到业主全部入住之后，原本狭窄的南皋路、北皋路、机场辅路会变得更加拥堵。恳请相关部门能否考虑在京密快速路规划之际，也对南皋北皋居民进出望京的方案作进一步优化，我们经过研讨提出了2条具体建议，方案1：将南皋路与容和路拉通，彻底解决这一难题；方案2： 将北皋路与马泉营西路连接，缓解进入快速路之前的交通压力。我们的建议还有考虑不周之处，或许专业人士有更合理的方案，总结就是：机场辅路当前已经非常拥堵，2023年新社区居民入住之后，机场辅路将远远超出负荷，还请相关领导和部门考虑改进，方便几千户居民出行。群众们非常期待！"
207,14094996,朝阳区委书记文献,建议增加人行道朝阳区来广营桥西公交站附近,建言,交通,已办理,2022-04-11 16:42:32,建议朝阳区来广营桥东至来广营桥西方向向西公交站旁增加人行道，来广营桥西站有966路，621路，530路，628路，415路，等多路公交车，下公交车人员都是横穿马路，非常危险建议增加人行道
208,14059607,朝阳区委书记文献,燕保百湾家园北广渠路南侧臭水沟,建言,城建,已办理,2022-04-08 11:34:26,"领导您好：
有“北京最美公租房”之称的燕保百湾家园北广渠路南侧有一深沟，经常会流出污染的臭水来，不管下雨还是晴天，总会有一股非常刺鼻的臭水味从沟渠地下冒出来，附近居住的居民（包括广华新城、燕保百湾家园以及燕保百安家园的居民等），不堪其扰，严重影响周边居民的生活质量，希望领导能重视，抓紧治理臭水沟，还居民一个干净清洁的居住环境，谢谢！"
209,14023425,朝阳区委书记文献,甘露园南里二区废旧锅炉房处置问题,建言,城建,已办理,2022-04-05 09:47:50,领导好，我是甘露园南里二区19号楼住户，小区里原有的锅炉房一直处于废弃状态，占地面积很大，非常不美观且存在安全隐患。请问是否有计划改造成便民设施，或公园、绿化等？
210,13980611,朝阳区委书记文献,请求相关领导牵头处理南皋地区的交通问题,建言,交通,已办理,2022-03-31 21:06:16,"各位领导：
根据北京市交通委员会相关文件（京交函[2019]1546号）中对北京市自然规划委《北京市交通委员会关于朝阳区崔各庄乡黑桥村南皋村棚户区改造土地开发项目交通影响评价审查意见的函》的文件（以下简称《审查意见的函》），在“崔各庄南皋地区”交通情况的描述情况中，崔各庄南皋地区的对外交通通道较少，现状道路网及其他交通基础设施服务能力不足，出行条件较差，难以满足基本出行需求（见附件1）。
北京市交通委员会要求（2019年要求），应处理好摩奇饮料厂东路与东五环路的节点、摩奇饮料厂东路与草场地南路和锦西路节点的关系，并落实各节点的规划设计方案（见附件1）。
个人认为，《审查意见的函》于2019年批复，但经过3年，崔各庄南皋地区的6块住宅用地将在住宅落成后形成上万人的交通需求，且望京、酒仙桥、南皋、北皋和北崔各庄（阿里总部附近）5个地区若形成完善的交通圈对于区域经济发展意义重大，故处理好上述节点的交通将变得十分紧迫。
个人建议，将摩奇饮料厂东路引入五环主路（目前的环铁北桥附近）且连通酒仙桥地区，将彻底盘活这5个地区的交通，提升区域经济发展，优化城市界面，提高人民的幸福感。
望相关领导将此事列为督办事项予以牵头，并协同有关部门加快处理。"
211,13979403,朝阳区委书记文献,崔各庄（南皋/黑桥）急需道路地铁教育建设支持,建言,交通,已办理,2022-03-31 19:17:46,"您好：
建议1：京密高架（京密快速路）在崔各庄（南皋/黑桥）处设立出口和入口，造福这些积极响应人口向五环外疏解、支持并信赖南皋/黑桥大型居住新区规划并已置业于此、为该地区带来消费和经济发展和财政收入的百姓。
建议2：打通崔各庄（南皋/黑桥）区域与望京地区、电子城西区、北区和东区的交通，促进大望京地区的职住平衡与通勤便利，还能以良好的交通面貌示人，主动布局并吸引未来的产业入驻崔各庄（南皋/黑桥）区域。
建议3：提早完成地铁线路的规划落地，以绿色出行方式带动中国电影博物馆、中国铁道博物馆、塑三文创园区域的发展，吸引更多京内及京外旅客便捷前往，促进发展文化事业和文化产业。
建议4：在崔各庄L03地块教育用地引入高质量的教育师资，减少该区域高知人群的子女因教育目的迁移至其他行政区造成的优质生源流失。在此置业的高知人群相对密集，他们又重视对子女的教育。若此区域教育实力提升，此校区将有可能成为提升朝阳区教育美誉度的新星。
以上建议，请领导考虑。"
212,13974490,朝阳区委书记文献,联系将核酸数据库对社区开放,建言,政务,已办理,2022-03-31 12:32:07,社区防疫工作中，很多时候需要查询市民的核酸检测结果，用于维护市区两级防疫系统，但是很多时候联系市民的工作量很大，市民忙碌，很难及时维护系统，希望能够将打通数据共享壁垒，更好地开展基层防疫工作。
213,13962166,朝阳区委书记文献,迫切建议疏解京密路进入望京区域的交通拥堵问,建言,交通,已办理,2022-03-30 12:14:39,"领导您好：
      我是每天从北边走京密路，通过大望京路口拐入望京区域的普通上班族，但是每天通勤的路线行驶在京密路上，都在决战这最后2km如图1所示，经过这两年的经验总结，引起京密路堵塞的主要原因有以下几点，1 北五环出口，精密路辅路，京密路，三条道路的车辆，都会汇聚到距离大望京路口1km左右的位置，从精密路直行的车辆被插队问题严重；2 在距离大望京路口500，左右的位置设有大山桥东公交站台，405/538/696/988四辆公交车需要反复变道，导致所有车辆停滞同时公交车变道也十分困难；3 如下图2所示，京密路右拐的路口，是一个总长大概100m左右的双向单车道，路窄流量小，导致大流量的京密路和望京东路车辆在通过这条路时，被限制通行流速。
       综合以上现有的实际情况，考虑结合未来崔各庄板块的发展，更多的车辆会流入京密路或北五环那疏解京密路的拥堵现状是势在必行的问题，而如图3所示：京密路进入望京只有1号大望京公园路口和2号大山子路口，目前已经看到京密路两边伐木围板挡起来有扩宽京密路的打算，不知京密路是否有新增进入望京入口或扩宽进入望京东路的大望京路口东西向道路的打算，迫切希望政府重视此路段市民糟心的通勤现状，合理设置公交站点，解决市民上班难的问题！！"
214,13961411,朝阳区委书记文献,建议解决南皋路，北皋路不连通，机场辅路窄问题,建言,交通,已办理,2022-03-30 11:16:39,"尊敬的书记您好，前段时间崔各庄南皋村新建社区业主们纷纷建议规划南皋进出京密快速路的出入口，已得到了相关部门的答复：京密快速路将在北小河-马泉营西路之间设置一对进出京密快速路的出入口，在来广营北路-香江北路之间设置一对出入口，崔各庄南皋村居民可通过马泉营西路路口快速进出京密快速路。虽然有点远，总算有了具体方案，非常感谢详细耐心地解答！
由于望京居住状态饱和，不少在望京工作的上班族，尤其是毕业不久的年轻上班族搬到南皋居住，至少有几千户。目前通勤非常困难，要绕到大山子再往望京产业集群方向走，会加重原本拥堵不堪的大山子地区交通压力，未来子女上学老人就医也面临同样的难题。将来京密快速路通车，即便能够向北通过快速路来进入望京，待到业主全部入住之后，原本狭窄的南皋路、北皋路、机场辅路会变得更加拥堵。恳请相关部门能否考虑在京密快速路规划之际，也对南皋北皋居民进出望京的方案作进一步优化，我们经过研讨提出了2条具体建议，方案1：将南皋路与容和路拉通，彻底解决这一难题；方案2： 将北皋路与马泉营西路连接，缓解进入快速路之前的交通压力。我们的建议还有考虑不周之处，或许专业人士有更合理的方案，总结就是：机场辅路当前已经非常拥堵，2023年新社区居民入住之后，机场辅路将远远超出负荷，还请相关领导和部门考虑改进，方便几千户居民出行。群众们非常期待！"
215,13954559,朝阳区委书记文献,解决南皋村前往望京难问题,建言,城建,已办理,2022-03-29 18:36:40,书记好，由于望京当前存量住房较少，大量在望京工作的人员外溢到3公里外的崔各庄南皋村。该板块为了承接此部分人员的住房需求，同期拿出四个地块用以满足此部分人员住房需求。但崔各庄南皋村地块目前交通情况堪忧，看的到望京，却无法快速通过。当前需要向南绕行至大山子路口。未来规划的京密高架也需要向北绕行很远，没有从根本上解决崔各庄往返望京问题。请问是否可以连通容和路和南皋路，打通南皋居住区与望京的连接。
216,13953796,朝阳区委书记文献,关于智能水表问题,建言,城建,已办理,2022-03-29 17:23:49,尊敬的领导您好，花家地北里社区目前所用的燃气表及水表是老式的，需要按时拍照报数，政府有没有规划换成智能的水表及燃气表？谢谢。
217,13953692,朝阳区委书记文献,请求优化崔各庄南皋村京密快速路出口,建言,城建,已办理,2022-03-29 17:14:37,领导您好。由于望京居住状态饱和，现在和未来几年大部分在望京工作的业主，不得不迁移到崔各庄南皋村新建的几个楼盘居住，以达到职住平衡。这是一个庞大的上班族群体，有几千户。但新建楼盘看似离望京很近，实际上出行非常困难，要绕到大山子那边，然后再往望京产业集群那个方向走，既费时又走绕路，未来子女上学老人就医也面临同样的困难。能不能对京密快速路改造项目进行进一步优化，一是规划南皋出入口，二是专门留一条供上班族步行、骑自行车、电动车、小轿车都用的便利路，方便大家上下班，方便不会使用叫车软件的老人前往望京就医。很多家庭摇不到车号，只能靠自行车和电动车，如果自行车、电动车和机动车都挤到大山子出行，耽误时间不说，交通拥堵且有安全隐患。诚请朝阳区相关部门了解我们的困难和诉求，实地调研周边当前和未来几年的交通现状，并从规划与实施方面给予答复。崔各庄南皋村新建社区几千个家庭翘首期盼！
218,13871253,朝阳区委书记文献,建议规划京密快速路南皋出入口,建言,交通,已办理,2022-03-22 13:28:28,您好，由于望京居住状态饱和，现在和未在几年大部分在望京工作的业主，不得不迁移到崔各庄南皋村新建的几个楼盘居住，以达到职住平衡，这是一个庞大的上班族群体有几千户，但新建楼盘看似离望京很近，实际上出行非常困难，要绕到大山子那边，然后再往望京产业集群那个方向走，既费时又走绕路，未来子女上学老人就医也面临同样的困难。能不能对京密快速路改造项目进行进一步优化，一是规划南皋出入口，二是专门留一条供上班族步行、骑自行车、电动车、小轿车都用的便利路，方便大家上下班，方便不会使用叫车软件的老人前往望京就医。很多家庭摇不到车号，只能靠自行车和电动车，如果自行车丶电动车和机动车都挤到大山子出行，耽误时间不说，交通拥堵且有安全隐患。请朝阳区相关部门授理我们的诉求，并从规划与实施方面给予答复。崔各庄南皋村新建社区几千个家庭翘首期盼！
219,13870606,朝阳区委书记文献,崔各庄南皋路京密快速路出口,建言,城建,已办理,2022-03-22 12:29:32,"从新闻了解到京密快速路已开始修建，民众非常期待。但崔各庄南皋村新建4个社区附近似乎没有京密快速路的出入口。此外，南皋村与望京仅一桥之隔，但由于缺少较为便捷的道路，开车前往望京至少要半个小时，堵车时甚至需要近1个小时。崔各庄南皋村新建4个社区几千个家庭恳请：
1.京密快速路规划崔各庄南皋村出入京密快速路的出入口，共享改革发展便利；
2.规划崔各庄南皋村前往望京的便捷道路，解决新建社区的教育医疗等民生问题。
感谢政府的关心和关怀，几千个家庭将翘首期盼！"
220,13798933,朝阳区委书记文献,亚运村卧龙小区交通,建言,交通,已办理,2022-03-16 08:59:27,"亚运村卧龙小区内有学校，且周围交通规划有不合理之处。
建议如下
1，卧龙东路和慧忠北路交叉口红绿灯向西挪20米，让卧龙东路北向南的车辆可以直接左拐（向东）行驶，不必到卧龙小区和慧忠里小区门口掉头，缓解早晚高峰的拥堵。
2，卧龙小区内部南北向主干道，目前东侧为停车位，极大阻挡了南向北方向车辆司机的视线，建议取消东侧的人行车道，拓宽道路，可以避免东侧行人（尤其是小学生）藏身于停放车辆之间的情况发生。
3，卧龙小区南门入口处，应更合理地进行规划，尽量拉开或隔离开行人、自行车、机动车之间的距离。
4，督促卧龙小区物业，清理车辆，减少小区内不必要的机动车停放。合理规划停车位，拓宽道路，增强视野。
5，卧龙小区和慧忠里小区内都有小学，且为一年级和二年级的低年级部，早晚高峰接送孩子人员较多，车辆违停频发，建议联合物业、学校、交管部门对小区内外交通进行合理规划，增加安全空间，减少隐患。"
221,13797312,朝阳区委书记文献,东坝南一街在醉公村路口掉头,建言,交通,已办理,2022-03-16 00:30:02,领导：您好。东坝南一街在醉公村路口最左侧车道为掉头专用车道，实际掉头车辆非常少，建议取消掉头专用车道。谢谢。
222,13797274,朝阳区委书记文献,驹子房路左转朝新大街,建言,交通,已办理,2022-03-16 00:22:26,领导：您好。驹子房路朝新大街路口南向北车流量并不大，建议撤销驹子房路左转进朝新大街红绿灯。谢谢。
223,13778237,朝阳区委书记文献,姚家园路石佛营路西北角绿地问题,建言,城建,已办理,2022-03-14 14:23:27,"目前该地块比较杂乱，有树，但是不美观
该处面积不小，春天到了，可否考虑规划一个街角的口袋公园？或者儿童友好公园？否则太浪费了"
224,13717365,朝阳区委书记文献,照顾二孩家庭就近入学,建言,教育,已办理,2022-03-09 15:21:13,我们是二孩家庭，老大2022年即将幼升小，目前我们是芍药居第四社区的房产和户口，按照划片大概率是人大附朝阳学校小学部，但北京市多区强调多校划片政策，还是会担心被分到较远的学校或校区（人大附朝阳学校还有个和平西桥校区）。对于多孩家庭政府在多校划片甚至一校多址上能否有所照顾，尽量让孩子在离家最近的学校上学，并让一个家庭的多个孩子在同一个学校同一处校址上学？以减少家庭接送和照顾多个孩子的压力？国家一直在提倡多生孩子，那么咱们政府在教育、住房、医疗等政策上是否可以对已有多孩家庭更多的优惠政策和照顾，以提高老百姓的生孩意愿。
225,13690050,朝阳区委书记文献,北京市双桥教育资源,建言,教育,已办理,2022-03-08 00:29:51,双桥地区周边社区较多，但长期缺少优质的教育资源和学校。目前，康惠园小区正在新建一所九年一贯制学校，建议区委区政府综合考虑朝阳区教育资源分布，为该校引入优质的教育资源，为孩子们创造更好的教育环境和教学资源。
226,13685986,朝阳区委书记文献,营盘沟路的道路什么时候修好？,建言,城建,已办理,2022-03-07 19:52:03,营盘沟路的工地停了好几年，马路一直被卡住不能畅通，马路的一边都没有马路牙子没法儿走路，中间一段路突然收窄，开车，自行车都不好通过，请尽快解决一下。谢谢
227,13680073,朝阳区委书记文献,高碑店红绿灯不合理,建言,交通,已办理,2022-03-07 14:15:54,"高碑店路和惠河南街交叉口出，红绿灯太密集。
自从红绿灯启用以来就日夜堵车，极大的浪费交通资源，建议把此处密集的红绿灯取消，变成整体环岛，减轻堵车的压力。
红绿灯不是治理交通的唯一方式，因地制宜，才能更好的减轻压力。"
228,13673392,朝阳区委书记文献,金盏乡观复博物馆附近南侧河道两侧安装路障,建言,城建,已办理,2022-03-07 08:50:31,"今天，我导航至此路段，发现道路两侧安装大量路障，限宽两米，导致车辆通行困难且拥堵！并有消防车，急救车无法通行的安全隐患！请领导予以关注解决。            "
229,13625320,朝阳区委书记文献,建议瑞祥里社区加大电动自行车违法充电治理力度,建言,治安,已办理,2022-03-04 12:36:14,管庄瑞祥里社区电动自行车违法充电行为较多。明显可见者有二：第一，私自从居民楼室内扯线，为楼边电动车充电。第二，将电动车电池带回室内，疑似直接在室内充电。尽管该社区张贴有相关警告，但不少居民置若罔闻，收效甚微。建议相关部门：第一，加大对违法充电行为直接劝阻、警告等监管行为的频度、力度。第二，尽快加强社区内充电设施建设（目前社区内已有充电设施的数量、便利性远不能满足需求）。
230,13593499,朝阳区委书记文献,6号井小区北门前面的道路能不能安装路灯呀,建言,交通,已办理,2022-03-02 17:11:56,6号井小区北门外的道路能不能安装路灯呀，每次走这段路都黑乎乎的
231,13478459,朝阳区委书记文献,北土城路北侧地铁北土城公交站主路雨水篦子破损,建言,城建,已办理,2022-02-25 09:27:10,雨水篦子已经开裂，由于是上下车必经之地，给乘客带来安全隐患，希望能及时修补或更换。
232,13300784,朝阳区委书记文献,松榆西里小区西门人行入口为何封闭,建言,治安,已办理,2022-02-21 17:52:56,松榆西里小区西门口车辆通行较多，目前一直人车混流，人员行走有安全隐患。车道旁有专门的人行入口，本来可以实现进出人车分流，但不知为何一直处于封闭状态，请领导予以关注。
233,13001580,朝阳区委书记文献,上学交通问题,建言,交通,已办理,2022-02-18 09:14:28,家住四环外的小红门，孩子小学被分配到了八十中学牌坊小学北校区，路程太远，还途径八十中学睿德分校，希望开通公交路线，解决孩子上学交通问题
234,12950428,朝阳区委书记文献,建议将校园外露天棋牌点改建成露天健身点,建言,城建,已办理,2022-02-17 15:07:28,80中管分学校入口大门右侧以及对面小区入口处左侧一共2处露天棋牌场地，目前因为疫情封闭。未封闭时聚集了大量人群，造成满地垃圾无人清理，一直到夜间9、10点钟，有乱扔食物和口罩，给附近居民造成不便。晚上很多人在那打麻将，影响非常不好，建议改建成露天健身点。
235,12932910,朝阳区委书记文献,关于商超、餐饮、办公、居住防虫防疫建言,建言,环保,已办理,2022-02-17 09:47:39,"尊敬的区领导，我们公司的办公地址在朝阳区常营地铁站龙湖长盈天街办公区，目前公司楼道、电梯间、卫生间、办公室基本天天都能看见蟑螂，时至北京的冬日，蟑螂依然频繁出没，可想夏季蟑螂是怎样的情况，我理解蟑螂的繁殖能力强、难消杀，但是是不是可以安排相关部门相关工作人员进行定时的消杀呢？整个区域乃至下水道内进行全面的消杀，这样起码可以保障一定时间内的蟑螂数量减少，长久的维持下去，一定会有很好的改善的，我们在北京首都，首都本来就人口密集，而且现在疫情依然没有达到无需防范的标准，而蟑螂又是会携带多种细菌、病菌的害虫，长久以往，一定会有更多的人感染不同的病菌、细菌。
现在我们每天上班，都得把整个办公室都清理、擦洗一下，因为办公桌、电脑、饮水机、微波炉、水杯、抽屉都会出现蟑螂，如果是偶尔的一只，也就无所谓了，可是基本天天都有蟑螂爬到办公桌上，而且是在办公时间内，可想而知在晚上，办公室没人的时候，蟑螂都会出现在什么地方。
再次恳请各位领导一定给解决处理一下，不光是为了我们，也为了咱们整个区整个首都考虑，定期对公共区域、住宅区进行集中消杀，这些区域内不止是正规小区，还有很多的自建房、公寓等等。在居住卫生环境、餐饮卫生环境上能够提升一下要求及强度，我们的生活水平提升了，但是同样要提升防范意识。"
236,12922622,朝阳区委书记文献,开车不礼让行人,建言,交通,已办理,2022-02-16 16:12:30,领导好：我是常营天街附近的居民，常营天街东面的红绿灯处每天上下班人特别多，车也多，所以人和车抢路是天天都有，明明行人绿灯了，右转过来的车和直行过来的车是一点都不会礼让行人，贴着人开，太危险了，建议增派交通管控人员，加装不礼让行人摄像头，加大处罚力度！提高一下开车人员的素质！
237,12911906,朝阳区委书记文献,支持政府在富力又一城西侧公园建医院,建言,城建,已办理,2022-02-15 16:59:27,尊敬的政府领导：我们是富力又一城的业主，最近了解到北京中医院选址在我们小区附近，真是一个利民的好消息，盼了10年了终于有信儿了。我们大家支持，一致认为这解决了富力又一城居民就医难、就医远的大难题，是政府为老百姓办的一件大好事、大实事。但有个别业主对此事认识狭隘、行为偏激、欲意反对，在朋友圈公开质疑政府选址的公平公正，在公示期间冒充富力又一城官方公众号发送假消息，企图误导其他业主否决政府选址、另选他址，甚至去其他中老年业主家里歪曲事实、动员其签字反对。此间种种行为，严重扰乱选址公示工作秩序，给其他业主带来无谓的焦虑和担忧，那些持反对意见的业主是极少数，绝不能代表富力又一城所有业主。我们非常担心他们的反对意见会影响政府决策，现代表个人以及委托我们发声的中老年居民，特此声明：坚决支持政府公示的北京中医院地址！同意把北京中医院建在富力又一城公园！希望尽快建好中医医院，造福又一城百姓！
238,12911296,朝阳区委书记文献,京密高速路在五元桥接驳匝道的建设,建言,交通,已办理,2022-02-15 15:52:06,"您好，
京密高速和东北五环以五元桥为中心将望京，北崔各庄，南崔各庄，酒仙桥割裂成了4个板块，拥堵不便的交通严重的降低4个区域人民群众日常生活的幸福感，也阻碍了电子城北扩，南扩的进一步产业经济发展。
希望即将投建的京密快速路能够实现这4个板块的互联互通，解决困扰望京-酒仙桥-崔各庄居民的通勤痛点，促进电子城产业经济。"
239,12883115,朝阳区委书记文献,管庄西里5号楼何时旧改？其他楼2013年已改,建言,城建,已办理,2022-02-11 23:20:03,您好，社区告知市民2013年四建小区针对1980年以前建设的管庄西里1至4号楼进行过抗震加固工程， 5号楼和10号楼不符合上一批次改造条件，未进行改造。目前已经2022年，管庄西里5号楼是1983年建造（居委会告知），中央明确2000年以前的小区都要旧楼改造。目前前面和后面的楼都焕然一新唯独落下了5号楼，请问过去这么多年了，还是不符合改造条件吗？还是改造周期没到？肯定认真解答，谢谢！
240,12828721,朝阳区委书记文献,尊敬的领导我反映一下民工欠薪维权,建言,城建,已办理,2022-02-07 09:38:15,"我们
十一个人，2021年在北京朝阳区催各庄镇，北京韩建集团承建中海地产望京府项目，二次结构的日工，到2022年底十一个人日工资共20万没结，望领导能协调解决，感谢。"
241,12813743,朝阳区委书记文献,望开通小区到永辉超市（垡头店）公交,建言,交通,已办理,2022-02-03 21:27:08,小区人口密集，但步行半小时之内却没有大点的超市和医院，唯一的是永辉超市（垡头店）和仁安医院（民营），但”北京焦化厂”公交站却没有直达到此处的车，只有561一趟到附近还要走1公里才能到达，仁安医院为此专门开通了几趟免费班车却难以满足大量人数，希望能早日开通一趟方便群众生活所需！
242,12808244,朝阳区委书记文献,郎辛庄棚户区改造,建言,城建,已办理,2022-02-02 13:48:52,郎辛庄作为一个城市化改造的村子，是否有棚户区改造计划
243,12700433,朝阳区委书记文献,关于石佛营东里129号院回迁修路问题,建言,城建,已办理,2022-01-20 19:26:51,书记您好，石佛营东里129号院是棚改项目，已经动工建设了五年之久。本来交房是在2021年10月份。回迁的居民都等着能在春节前搬到新家。然后现在2022年都没有交房。与开发商问清以后，开发商说房子已经建成，但是因政府在修路，修的是石佛营东路，贯穿北京朝阳站和棚改项目这条路，在朝阳区政府网站看到，此路376米。需要从2022年第二季度开始，修到2023年第三季度结束。就是说要等到明年下半年左右，才能修完，市政府修一条300多米的路需要修一年半。我们回迁的居居又要在外晃一年半。这速度是不是有点太慢了？缓解那边的交通压力，是大家都鼓掌欢迎的。但是能不能提高一下效率。也为我们回迁的居民考虑考虑。考虑一下大家想要一个家园的愿望。请书记在百忙时间了解情况，加大工程建设的速度。别让我们等太久了。真的欲哭无泪了都。最后祝您身体健康，工作顺利。
244,12676844,朝阳区委书记文献,感恩,建言,教育,已办理,2022-01-18 17:59:51,北京一直管控措施非常好，但是如今国际形势日常严峻。希望领导可以重视并且早一点放假。能让在一线工作的老师能够回家乡，可以让幼儿在家里减少外出得到更好的保护。感谢这一平台能让我们发出心声，希望可以看到好的消息。
245,12622835,朝阳区委书记文献,建议将电箱拆除或挪地方,建言,城建,已办理,2022-01-13 15:37:17,领导好：朝阳区潘家园街道松榆东里社区20楼一层单元门进口处有一个绿色的电箱，此电箱基本已经处于废弃状态了，因电箱距离住户家门非常近，住户进出非常容易磕到头，严重影响住户进出安全，因此废电箱几乎处于闲置状态望能够进行拆除，如果无法拆除也可以更换一个小一点的电箱，至少不会进出门的时候发生磕碰，如得到有效解决必感谢相关领导。
246,12603994,朝阳区委书记文献,八里桥到酒仙桥，建议增加直达公交路线,建言,交通,已办理,2022-01-11 22:58:50,领导你好，我在北京工作；住在地铁八里桥站，公司在酒仙桥地区王爷坟站（798艺术区）；已有四年了这两处没有直达公交；公交路线规划有可优化之处，我们竹木厂小区年轻人，当前坐地铁或公交换乘频次多，希望有关领导可以帮我们协调，增加直达公交路线，谢谢！
247,12595807,朝阳区委书记文献,拖欠农民工工资,建言,城建,已办理,2022-01-11 11:15:50,北京朝阳区崔各庄奶东村340玻璃幕墙工程升级改造工程，单位深圳**装饰设计股份有限公司自2021年3月份至今没有支付工人工资，工人30余人，工资共计50万余元，过年了，我们工人需要发工资回家过年，给家人一个交代，望领导出面给予解决，感谢！
248,12574464,朝阳区委书记文献,小红门地区公共车位少，无新能源充电桩,建言,城建,已办理,2022-01-09 13:25:46,小红门地区都是拆迁小区，小区里密度高，人口聚集，车位配比低，现小区内部地上和地下均无停车位，小区周边道路也停满车辆，经常造成拥堵，没有公共车位。而且小红门地区没有配公共的新能源汽车充电站，给新能源汽车造成充电难的问题。请问会改善一下小红门地区车位问题以及新能源充电问题吗
249,12568251,朝阳区委书记文献,王四营乡观音惠园小区及周围脏乱差,建言,城建,已办理,2022-01-08 19:49:16,观音惠园小区，位于王四营乡最北侧半壁店乡南侧，两乡交界处，十几年来周围脏乱差的局面没有大的改善，这几年来，国家提倡美丽乡村建设，偏远农村人居环境都得到了极大提升，希望咱们这边也能得到领导重视，
250,12536574,朝阳区委书记文献,媒体村天居园北侧小学多年未建设,建言,城建,已办理,2022-01-06 15:07:19,媒体村天居园北侧教育用地，17年已经由发改委批复，开发商北辰承建小学，19年经过招标后又停工至今。媒体村住宅交付已经12年，因周边无优质学校，教育资源紧张，周边群众已经迫切等待多年。希望规划部门给予回复，到底该学校何时可以建成，引入哪所学校。
